property_name,City,State,Job Number,location_context,resort_category,website_url,date_opened,operational_status,google_maps_url,matched_place_name,Google Review,Number of Reviews,Year of First Review,notes
23-179A-05,Centre,AZ,23-179A-05,"Centre, AZ",Glamping resort,,,,,,,,,Skipped Google lookup — property name looks like bad import or non-property
23-250A-09,Sandusky,OH,23-250A-09,"Sandusky, OH",Glamping resort,,,,,,,,,Skipped Google lookup — property name looks like bad import or non-property
23-296A-12,Stone Mountain,GA,23-296A-12,"Stone Mountain, GA",Glamping resort,,,,,,,,,Skipped Google lookup — property name looks like bad import or non-property
25-107A-01,,CO,25-107A-01,CO,Glamping resort,,,,,,,,,Skipped Google lookup — property name looks like bad import or non-property
25-138A-03,,CO,25-138A-03,CO,Glamping resort,,,,,,,,,Skipped Google lookup — property name looks like bad import or non-property
25-138B-03,Cadillac,MI,25-138B-03,"Cadillac, MI",Glamping resort,,,,,,,,,Skipped Google lookup — property name looks like bad import or non-property
Abide RV Resort,Cragford,AL,23-156A-04,"Cragford, AL",RV Resort,,,,,Abide Rv Resort Campground,,,,"No Google candidate passed verification (exact business name or street number+street+city+state). Nearest result: ""Abide Rv Resort Campground"""
Allatoona Landing Resort,Cartersville,GA,24-102A-01,"Cartersville, GA",Glamping resort,,,,,Allatoona Landing Marine Resort,,,,"No Google candidate passed verification (exact business name or street number+street+city+state). Nearest result: ""Allatoona Landing Marine Resort"""
Amici Resorts,Altamont,TN,24-194A-06,"Altamont, TN",Glamping resort,,,,,The Smokehouse Lodge & Cabins,,,,"No Google candidate passed verification (exact business name or street number+street+city+state). Nearest result: ""The Smokehouse Lodge & Cabins"""
ANAWAY PLACE,Richland Center,WI,23-283A-11,"Richland Center, WI",Glamping resort,http://anaway.com/,,Open (OPERATIONAL),https://maps.google.com/?cid=3105071992767937261&g_mp=CiVnb29nbGUubWFwcy5wbGFjZXMudjEuUGxhY2VzLkdldFBsYWNlEAIYBCAA,Anaway Place,4.7,130,2025,
Arbor Camp,Ellsworth,ME,23-286A-11,"Ellsworth, ME",Glamping resort,https://arborcamp.com/,,Open (OPERATIONAL),https://maps.google.com/?cid=15894034275584257008&g_mp=CiVnb29nbGUubWFwcy5wbGFjZXMudjEuUGxhY2VzLkdldFBsYWNlEAIYBCAA,Arbor Camp,5,10,2025,
Arbor Camp Glamping Resort,Ellsworth,ME,24-208A-07,"Ellsworth, ME",Glamping resort,,,,,Arbor Camp,,,,"No Google candidate passed verification (exact business name or street number+street+city+state). Nearest result: ""Arbor Camp"""
are its remote location,Bledsoe County,TN,23-220A-08,"Bledsoe County, TN",Glamping resort,,,,,,,,,Skipped Google lookup — property name looks like bad import or non-property
ARG		Pegasus Landing			GA	Proposed Luxury RV Park,Grants Pass,OR,23-228A-08,"Grants Pass, OR",Glamping resort,,,,,,,,,Skipped Google lookup — property name looks like bad import or non-property
Arkansas River Retreat,Salida,CO,24-127A-03,"Salida, CO",Glamping resort,,,,,,,,,No Google Places match for search query
Arrowhead RV Resort,Carson City,NV,23-102A-01,"Carson City, NV",RV Resort,,,,,Carson RV Resort,,,,"No Google candidate passed verification (exact business name or street number+street+city+state). Nearest result: ""Carson RV Resort"""
Arroyos Preserve RV Resort,La Paz Valley,AZ,20-309A-09,"La Paz Valley, AZ",RV Resort & Glamping,,,,,La Paz Valley RV Park,,,,"No Google candidate passed verification (exact business name or street number+street+city+state). Nearest result: ""La Paz Valley RV Park"""
Ashland/Huntington KOA,Argillite,KY,ARG-ashland-huntington-koa-argillite-ky-ky,"Argillite, KY",RV Resort,,,,,Ashland / Huntington West KOA Holiday,,,,"No Google candidate passed verification (exact business name or street number+street+city+state). Nearest result: ""Ashland / Huntington West KOA Holiday"""
Banderas Point,Frankfort,IN,23-128A-02,"Frankfort, IN",RV Resort & Glamping,,,,,Frankfort,,,,"No Google candidate passed verification (exact business name or street number+street+city+state). Nearest result: ""Frankfort"""
Basecamp Parks,Weed,CA,23-246A-09,"Weed, CA",Glamping resort,,,,,Basecamp Lodge,,,,"No Google candidate passed verification (exact business name or street number+street+city+state). Nearest result: ""Basecamp Lodge"""
Bashfully Bold Barn,Fountain Inn,SC,22-205A-06,"Fountain Inn, SC",Glamping resort,,,,,Belleview Meadows,,,,"No Google candidate passed verification (exact business name or street number+street+city+state). Nearest result: ""Belleview Meadows"""
Bella Terra Resort,Foley,AL,ARG-bella-terra-resort-foley-al-al,"Foley, AL",RV Resort,,,,,Bella Terra RV Resort,,,,"No Google candidate passed verification (exact business name or street number+street+city+state). Nearest result: ""Bella Terra RV Resort"""
"Bellaire, MI Glamping Market Analysis",Bellaire,MI,25-271A-08,"Bellaire, MI",Glamping resort,,,,,Spillway Lodges,,,,"No Google candidate passed verification (exact business name or street number+street+city+state). Nearest result: ""Spillway Lodges"""
Belle Cypress RV Resort,Avondale,LA,17-128A-05,"Avondale, LA",RV Resort,,,,,Cypressland RV Park,,,,"No Google candidate passed verification (exact business name or street number+street+city+state). Nearest result: ""Cypressland RV Park"""
Benton County RV Resort,Siloam Springs,AR,21-106A-02,"Siloam Springs, AR",RV Resort,,,,,Lazy B RV Park,,,,"No Google candidate passed verification (exact business name or street number+street+city+state). Nearest result: ""Lazy B RV Park"""
Bienville RV Resort,White Springs,FL,20-102A-01,"White Springs, FL",RV Resort,,,,,Suwannee Valley Resort LLC,,,,"No Google candidate passed verification (exact business name or street number+street+city+state). Nearest result: ""Suwannee Valley Resort LLC"""
Blue Sky San Marcos,,,24-302A-12,"6050 S Interstate 35 Frontage Rd, San Marcos, Texas 78666",Other,,,,,Canyon Trail RV Park,,,,"No Google candidate passed verification (exact business name or street number+street+city+state). Nearest result: ""Canyon Trail RV Park"""
Bouie River RV Resort,Hattiesburg,MS,25-103A-01,"Hattiesburg, MS",Glamping resort,,,,,Longleaf Piney Resort,,,,"No Google candidate passed verification (exact business name or street number+street+city+state). Nearest result: ""Longleaf Piney Resort"""
Bradford Run,Aguanga,CA,19-180A-09,"Aguanga, CA",RV Resort,,,,,Bradford Run (Formerly Cowboy Country Campground),,,,"No Google candidate passed verification (exact business name or street number+street+city+state). Nearest result: ""Bradford Run (Formerly Cowboy Country Campground)"""
Broadriver Campground,Mooresboro,NC,23-114A-02,"Mooresboro, NC",RV Resort,,,,,Broad River Campground,,,,"No Google candidate passed verification (exact business name or street number+street+city+state). Nearest result: ""Broad River Campground"""
Buckeye RV Park,Buckeye,AZ,17-121A-03,"Buckeye, AZ",RV Resort,,,,,Buckeye Ranch RV Resort,,,,"No Google candidate passed verification (exact business name or street number+street+city+state). Nearest result: ""Buckeye Ranch RV Resort"""
Camp Margaritaville San Marcos,San Marcos,TX,25-203A-05,"San Marcos, TX",Glamping resort,,,,,Camp Margaritaville Resort Crystal Beach,,,,"No Google candidate passed verification (exact business name or street number+street+city+state). Nearest result: ""Camp Margaritaville Resort Crystal Beach"""
Camp Matziv,Cassopolis,MI,19-186A-10,"Cassopolis, MI",RV Resort,,,,,Camp Matziv MMW Retreat,,,,"No Google candidate passed verification (exact business name or street number+street+city+state). Nearest result: ""Camp Matziv MMW Retreat"""
Camp Verde RV Resort,Camp Verde,,23-214A-08,Camp Verde,RV Resort,,,,,Verde Ranch RV Resort,,,,"No Google candidate passed verification (exact business name or street number+street+city+state). Nearest result: ""Verde Ranch RV Resort"""
Canary Beach Resort,Villard,MN,22-174A-04,"Villard, MN",RV Resort,,,,,Canary Beach RV Resort,,,,"No Google candidate passed verification (exact business name or street number+street+city+state). Nearest result: ""Canary Beach RV Resort"""
Carolina Hideaway Resort,Stokesdale,NC,23-270A-10,"Stokesdale, NC",Glamping resort,,,,,Carolina Hideaway Luxury Vacation Rental Home,,,,"No Google candidate passed verification (exact business name or street number+street+city+state). Nearest result: ""Carolina Hideaway Luxury Vacation Rental Home"""
Castle Gate RV Park,Helper,UT,21-240A-09,"Helper, UT",RV Resort,https://castlegatervpark.com/,,Open (OPERATIONAL),https://maps.google.com/?cid=3116059498717083812&g_mp=CiVnb29nbGUubWFwcy5wbGFjZXMudjEuUGxhY2VzLkdldFBsYWNlEAIYBCAA,Castle Gate RV Park,4.8,626,2025,
Catskill Adventure Resort,Wurtsboro,NY,ARG-catskill-adventure-resort-wurtsboro-ny-ny,"Wurtsboro, NY",RV Resort,,,,,Catskill RV Resort,,,,"No Google candidate passed verification (exact business name or street number+street+city+state). Nearest result: ""Catskill RV Resort"""
CC RV Park,Laramie County,WY,25-109A-25,"Laramie County, WY",Glamping resort,,,,,Laramie County Fair RV Park,,,,"No Google candidate passed verification (exact business name or street number+street+city+state). Nearest result: ""Laramie County Fair RV Park"""
CCF Bank,Pickens,SC,25-209A-05,"Pickens, SC",Glamping resort,,,,,,,,,Skipped Google lookup — property name looks like bad import or non-property
Chippewa Ranch Camp,Eagle River,WI,20-226A-03,"Eagle River, WI",Other,http://www.chippewaranchcamp.com/,,Open (OPERATIONAL),https://maps.google.com/?cid=3544458846653059017&g_mp=CiVnb29nbGUubWFwcy5wbGFjZXMudjEuUGxhY2VzLkdldFBsYWNlEAIYBCAA,Chippewa ranch camp,4.9,28,2017,
Cimarron Ranch RV Resort,Marble Falls,TX,23-273A-10,"Marble Falls, TX",RV Resort,,,,,Rancho de Cimarron,,,,"No Google candidate passed verification (exact business name or street number+street+city+state). Nearest result: ""Rancho de Cimarron"""
Circle G Ranch RV Resort,Horn Lake,MS,21-116A-03,"Horn Lake, MS",RV Resort,,,,,Circle G Ranch (Owned by Elvis Presley),,,,"No Google candidate passed verification (exact business name or street number+street+city+state). Nearest result: ""Circle G Ranch (Owned by Elvis Presley)"""
Coal Burned Spoon Sanctuary,Greenwood,ME,21-230A-08,"Greenwood, ME",Glamping resort,,,,,,,,,No Google Places match for search query
Coastal Crossroads RV Resort,Fairhope,AL,23-249A-09,"Fairhope, AL",RV Resort,,,,,Coastal Haven RV Park,,,,"No Google candidate passed verification (exact business name or street number+street+city+state). Nearest result: ""Coastal Haven RV Park"""
Columbia Gorge Getaways,Carson,WA,21-294A-11__2,"Carson, WA",Glamping resort,https://www.columbiagorgegetaways.com/,,Open (OPERATIONAL),https://maps.google.com/?cid=10789154654484054035&g_mp=CiVnb29nbGUubWFwcy5wbGFjZXMudjEuUGxhY2VzLkdldFBsYWNlEAIYBCAA,Columbia Gorge Getaways,5,52,2025,
Confidential,Greene County,TN,23-106A-01,"Greene County, TN",RV Resort,,,,,,,,,Skipped Google lookup — property name looks like bad import or non-property
Contentment Resort,Rogers,AR,22-193A-05,"Rogers, AR",Glamping resort,,,,,Beaver Lake Glamping & RV Resort,,,,"No Google candidate passed verification (exact business name or street number+street+city+state). Nearest result: ""Beaver Lake Glamping & RV Resort"""
Coral Junction Motorcoach and RV Resort,Hurricane,UT,24-153A-04,"Hurricane, UT",RV Resort,,,,,Settler's Junction RV Park,,,,"No Google candidate passed verification (exact business name or street number+street+city+state). Nearest result: ""Settler's Junction RV Park"""
Coral Junction Motorcoach Resort,Hurricane,UT,22-221A-06,"Hurricane, UT",RV Resort,,,,,Color Canyon RV Resort,,,,"No Google candidate passed verification (exact business name or street number+street+city+state). Nearest result: ""Color Canyon RV Resort"""
Cottonwood Creek RV Resort,Ennis,TX,18-167A-10,"Ennis, TX",RV Resort,,,,,Cottonwood Creek RV Park,,,,"No Google candidate passed verification (exact business name or street number+street+city+state). Nearest result: ""Cottonwood Creek RV Park"""
Country Blossom RV Resort,Burton,TX,21-130A-04,"Burton, TX",RV Resort,,,,,Milk & Honey Ranch,,,,"No Google candidate passed verification (exact business name or street number+street+city+state). Nearest result: ""Milk & Honey Ranch"""
Cove Point,Heber City,UT,24-110A-01,"Heber City, UT",RV Resort & Glamping,,,,,Valley Cove,,,,"No Google candidate passed verification (exact business name or street number+street+city+state). Nearest result: ""Valley Cove"""
Crossings RV Resort,Placerville,CA,21-140A-05,"Placerville, CA",RV Resort,,,,,Placerville RV Resort & Campground,,,,"No Google candidate passed verification (exact business name or street number+street+city+state). Nearest result: ""Placerville RV Resort & Campground"""
Crystal Lake RV Park,Rock Falls,IL,21-228A-08,"Rock Falls, IL",RV Resort,https://crystallakerecreation.com/,,Open (OPERATIONAL),https://maps.google.com/?cid=8067294176213979559&g_mp=CiVnb29nbGUubWFwcy5wbGFjZXMudjEuUGxhY2VzLkdldFBsYWNlEAIYBCAA,Crystal Lake RV Park,4.2,172,2024,
Cypress Lake RV Resort,Berwick,LA,24-174A-05,"Berwick, LA",RV Resort,,,,,Cypress Lake Resort,,,,"No Google candidate passed verification (exact business name or street number+street+city+state). Nearest result: ""Cypress Lake Resort"""
Dan Clancy,Shelton,WA,25-212B-06,"Shelton, WA",RV Resort,,,,,,,,,Skipped Google lookup — property name looks like bad import or non-property
Dart Appraisal / Live Oak,Danville,MO,25-242A-07,"Danville, MO",RV Resort,,,,,,,,,Skipped Google lookup — property name looks like bad import or non-property
Dart Appraisal / Live Oak Bank,Darlington,SC,25-204A-05,"Darlington, SC",RV Resort,,,,,,,,,Skipped Google lookup — property name looks like bad import or non-property
deemed to be feasible,Pisgah Forest,NC,23-272A-10,"Pisgah Forest, NC",Glamping resort,,,,,,,,,Skipped Google lookup — property name looks like bad import or non-property
Delaney Road RV Park,Salem,OR,20-250A-05,"Salem, OR",RV Resort,,,,,Salem Premier RV Resort,,,,"No Google candidate passed verification (exact business name or street number+street+city+state). Nearest result: ""Salem Premier RV Resort"""
Delaware River Campground,Knowlton Township,NJ,24-134A-03,"Knowlton Township, NJ",RV Resort,http://delawarerivercampground.com/,,Open (OPERATIONAL),https://maps.google.com/?cid=3603226390363632804&g_mp=CiVnb29nbGUubWFwcy5wbGFjZXMudjEuUGxhY2VzLkdldFBsYWNlEAIYBCAA,Delaware River Campground,4,460,2025,
Desert Stargazing Resort,,CA,25-339A-11,CA,Other,,,,,Hawk and Mesa Desert Retreat,,,,"No Google candidate passed verification (exact business name or street number+street+city+state). Nearest result: ""Hawk and Mesa Desert Retreat"""
development,La Grande,OR,23-157A-04,"La Grande, OR",Glamping resort,,,,,,,,,Skipped Google lookup — property name looks like bad import or non-property
"development and demand.
Attractions",Payson,AZ,23-197A-07,"Payson, AZ",Glamping resort,,,,,Water Wheel Falls Hiking Trail,,,,"No Google candidate passed verification (exact business name or street number+street+city+state). Nearest result: ""Water Wheel Falls Hiking Trail"""
"development.
Attractions",Laramie,WY,23-202A-07,"Laramie, WY",Glamping resort,,,,,,,,,Skipped Google lookup — property name looks like bad import or non-property
Double Down RV Park,Vinton,LA,16-202A-10,"Vinton, LA",RV Resort,,,,,Paradise RV Park,,,,"No Google candidate passed verification (exact business name or street number+street+city+state). Nearest result: ""Paradise RV Park"""
Dream West Resort,Cottonwood,AZ,24-165A-04,"Cottonwood, AZ",Glamping resort,,,,,Blazin' M Ranch,,,,"No Google candidate passed verification (exact business name or street number+street+city+state). Nearest result: ""Blazin' M Ranch"""
Dundee Hills Resort,Dundee,OR,23-144A-03,"Dundee, OR",RV Resort,https://dundeehillsresort.com/,,Open (OPERATIONAL),https://maps.google.com/?cid=7397387359791004986&g_mp=CiVnb29nbGUubWFwcy5wbGFjZXMudjEuUGxhY2VzLkdldFBsYWNlEAIYBCAA,Dundee Hills Resort,4.3,116,2025,
Durango RV Resort,Red Bluff,CA,ARG-durango-rv-resort-red-bluff-ca-ca,"Red Bluff, CA",RV Resort,https://www.robertsresorts.com/resorts/oasis-durango/?utm_source=google&utm_medium=maps,,Open (OPERATIONAL),https://maps.google.com/?cid=1893081593309184262&g_mp=CiVnb29nbGUubWFwcy5wbGFjZXMudjEuUGxhY2VzLkdldFBsYWNlEAIYBCAA,Durango RV Resort,4.5,510,2025,
Eagle's Way Riverfront Park,St. Joseph,MO,23-201A-07,"St. Joseph, MO",RV Resort,,,,,Saint Joseph Riverwalk - South Entrance,,,,"No Google candidate passed verification (exact business name or street number+street+city+state). Nearest result: ""Saint Joseph Riverwalk - South Entrance"""
Eagles Perch RV Park,Bethel,OH,23-298A-12,"Bethel, OH",RV Resort,,,,,Ohio State Eagles Campground,,,,"No Google candidate passed verification (exact business name or street number+street+city+state). Nearest result: ""Ohio State Eagles Campground"""
Elk & Embers Mountain Hideaway,Haywood County,NC,23-152A-04,"Haywood County, NC",Glamping resort,,,,,Elk & Embers,,,,"No Google candidate passed verification (exact business name or street number+street+city+state). Nearest result: ""Elk & Embers"""
Elk Ridge RV Resort,Falls City,ID,22-297A-10,"Falls City, ID",RV Resort,,,,,Elk Ridge RV Park,,,,"No Google candidate passed verification (exact business name or street number+street+city+state). Nearest result: ""Elk Ridge RV Park"""
Estancia Natura,Manaboa,DR,22-317A-10,"Manaboa, DR",Glamping resort,,,,,Estancia Natura Trail,,,,"No Google candidate passed verification (exact business name or street number+street+city+state). Nearest result: ""Estancia Natura Trail"""
Evening Star Campground,Topeka,IL,20-310C-09,"Topeka, IL",RV Resort,,,,,Evening Star Camping Resort,,,,"No Google candidate passed verification (exact business name or street number+street+city+state). Nearest result: ""Evening Star Camping Resort"""
Falvey RV Park,Limon,CO,21-233A-08,"Limon, CO",RV Resort,,,,,Foothill Flats RV Park and Campground,,,,"No Google candidate passed verification (exact business name or street number+street+city+state). Nearest result: ""Foothill Flats RV Park and Campground"""
Finding Medina RV Resort,San Antonio,TX,20-299A-08,"San Antonio, TX",RV Resort,,,,,Lost Resort Ranch,,,,"No Google candidate passed verification (exact business name or street number+street+city+state). Nearest result: ""Lost Resort Ranch"""
Floyd Family Campground,Floyd,VA,24-104A-01,"Floyd, VA",RV Resort,,,,,Floyd / Blue Ridge Parkway KOA,,,,"No Google candidate passed verification (exact business name or street number+street+city+state). Nearest result: ""Floyd / Blue Ridge Parkway KOA"""
Folklore Lodges,,AR,25-313A-10,AR,Other,,,,,Folk Cabin,,,,"No Google candidate passed verification (exact business name or street number+street+city+state). Nearest result: ""Folk Cabin"""
Franklin Canyon RV Resort,Hercules,CA,24-201A-06,"Hercules, CA",RV Resort,,,,,Franklin Canyon Golf Course,,,,"No Google candidate passed verification (exact business name or street number+street+city+state). Nearest result: ""Franklin Canyon Golf Course"""
Fredericksburg RV & Lodging Resort,Fredericksburg,TX,20-110A-01,"Fredericksburg, TX",RV Resort & Glamping,,,,,Fredericksburg RV Park,,,,"No Google candidate passed verification (exact business name or street number+street+city+state). Nearest result: ""Fredericksburg RV Park"""
Freedom Island Campground & Marina,Hager City,WI,23-139A-03,"Hager City, WI",RV Resort,,,,,Freedom Island Campground and Marina,,,,"No Google candidate passed verification (exact business name or street number+street+city+state). Nearest result: ""Freedom Island Campground and Marina"""
Freeport RV Resort,Freeport,FL,24-129A-03,"Freeport, FL",RV Resort,,,,,Riverwalk Landing Cottages & RV Park,,,,"No Google candidate passed verification (exact business name or street number+street+city+state). Nearest result: ""Riverwalk Landing Cottages & RV Park"""
Fries RV Resort,,CO,23-293A-11,CO,Glamping resort,,,,,Fries New River RV Park,,,,"No Google candidate passed verification (exact business name or street number+street+city+state). Nearest result: ""Fries New River RV Park"""
Geocamp Colorado,Chalk Creek,CO,21-294A-11,"Chalk Creek, CO",Glamping resort,,,,,Chalk Creek Campground & RV Park,,,,"No Google candidate passed verification (exact business name or street number+street+city+state). Nearest result: ""Chalk Creek Campground & RV Park"""
"Glamping Feasibility Study
Thin Spaces LL",Jasper,GA,25-100A-01,"Jasper, GA",Glamping resort,,,,,,,,,Skipped Google lookup — property name looks like bad import or non-property
Grand Canyon @ The Outpost,Williams,AZ,22-308A-10,"Williams, AZ",Glamping resort,,,,,The Outpost Grand Canyon,,,,"No Google candidate passed verification (exact business name or street number+street+city+state). Nearest result: ""The Outpost Grand Canyon"""
Grand Riviera RV Resort,Foley,AL,19-117A-04,"Foley, AL",RV Resort,,,,,"Grand Riviera Rv Resort — Foley, Alabama",,,,"No Google candidate passed verification (exact business name or street number+street+city+state). Nearest result: ""Grand Riviera Rv Resort — Foley, Alabama"""
Great Lakes RV Resort,Porter,IN,22-236A-07,"Porter, IN",RV Resort,,,,,Great Lakes Resort,,,,"No Google candidate passed verification (exact business name or street number+street+city+state). Nearest result: ""Great Lakes Resort"""
Greenfield RV Resort at Grants Pass,Grants Pass,OR,22-281A-09,"Grants Pass, OR",RV Resort,,,,,Bridgeview RV Resort,,,,"No Google candidate passed verification (exact business name or street number+street+city+state). Nearest result: ""Bridgeview RV Resort"""
Greenspace Resort,Bennettsville,SC,22-222A-06,"Bennettsville, SC",RV Resort,,,,,,,,,No Google Places match for search query
Gulf Coast Bank,Thompson,NY,25-219A-06,"Thompson, NY",Glamping resort,,,,,,,,,Skipped Google lookup — property name looks like bad import or non-property
Harker Heights RV Resort (by Open Air),,TX,25-257A-07,TX,Other,,,,,Open Air RV Resort- Harker Heights,,,,"No Google candidate passed verification (exact business name or street number+street+city+state). Nearest result: ""Open Air RV Resort- Harker Heights"""
Harper Price,Tortilla Flat,AZ,24-212A-07__2,"Tortilla Flat, AZ",Glamping resort,,,,,,,,,Skipped Google lookup — property name looks like bad import or non-property
Haven Hills Resort,Aledo,IL,22-328A-11,"Aledo, IL",RV Resort,,,,,Haven Hills Campground & Resort,,,,"No Google candidate passed verification (exact business name or street number+street+city+state). Nearest result: ""Haven Hills Campground & Resort"""
Havn Glacier,Whitefish,MT,24-186A-06,"Whitefish, MT",Glamping resort,http://www.havnglacier.com/,,Open (OPERATIONAL),https://maps.google.com/?cid=14303202566702194977&g_mp=CiVnb29nbGUubWFwcy5wbGFjZXMudjEuUGxhY2VzLkdldFBsYWNlEAIYBCAA,Havn Glacier,5,1,2026,
Hi Tide Beach and Campground,Leland,IL,24-149A-04,"Leland, IL",RV Resort,,,,,Hi-Tide Beach & Campground,,,,"No Google candidate passed verification (exact business name or street number+street+city+state). Nearest result: ""Hi-Tide Beach & Campground"""
Hidden Oasis,Delaware County,OK,25-364A-12,"Delaware County, OK",Glamping resort,,,,,America's Oasis,,,,"No Google candidate passed verification (exact business name or street number+street+city+state). Nearest result: ""America's Oasis"""
Hidden Waters RV Park & Campground,Robbinsville,NC,23-6304A-12,"Robbinsville, NC",Glamping resort,http://hidden-waters.com/,,Open (OPERATIONAL),https://maps.google.com/?cid=2413866121314810245&g_mp=CiVnb29nbGUubWFwcy5wbGFjZXMudjEuUGxhY2VzLkdldFBsYWNlEAIYBCAA,"Hidden Waters RV Park, Campground & Outdoors",4.8,152,2025,
High View RV Resort at Boulder Creek,Camp Verde,,23-294A-12,Camp Verde,RV Resort,,,,,Eagle View RV Resort At Fort,,,,"No Google candidate passed verification (exact business name or street number+street+city+state). Nearest result: ""Eagle View RV Resort At Fort"""
Holly Acres Campground,Egg Harbor City,NJ,24-133A-03,"Egg Harbor City, NJ",RV Resort,https://hollyacrescampground.com/,,Open (OPERATIONAL),https://maps.google.com/?cid=11687978395127340724&g_mp=CiVnb29nbGUubWFwcy5wbGFjZXMudjEuUGxhY2VzLkdldFBsYWNlEAIYBCAA,Holly Acres Campground,4.6,144,2025,
Idleyld Park RV Resort,Douglas County,OR,25-240A-07,"Douglas County, OR",Glamping resort,,,,,Elk Haven RV Resort,,,,"No Google candidate passed verification (exact business name or street number+street+city+state). Nearest result: ""Elk Haven RV Resort"""
ILA RV Resort,Mayer,AZ,18-110A-03,"Mayer, AZ",RV Resort,,,,,Lo-Lo-Mai Springs RV & Tent Resort,,,,"No Google candidate passed verification (exact business name or street number+street+city+state). Nearest result: ""Lo-Lo-Mai Springs RV & Tent Resort"""
in a natural setting. The proposed offeri,Lago Vista,TX,25-314A-10,"Lago Vista, TX",Glamping resort,,,,,,,,,Skipped Google lookup — property name looks like bad import or non-property
in a world class dual waterfront access s,Ojai,CA,25-206A-05,"Ojai, CA",Glamping resort,,,,,,,,,Skipped Google lookup — property name looks like bad import or non-property
in a world-class dual waterfront access s,Buffalo Junction,VA,26-105A-01,"Buffalo Junction, VA",Glamping resort,,,,,,,,,Skipped Google lookup — property name looks like bad import or non-property
Inner Banks RV Park,Columbia,NC,24-147A-04,"Columbia, NC",RV Resort,,,,,Pettigrew State Park Campground,,,,"No Google candidate passed verification (exact business name or street number+street+city+state). Nearest result: ""Pettigrew State Park Campground"""
Iron Ore RV Park,Concan,,23-161A-05,Concan,RV Resort,,,,,Rio Frio RV Park and Campground,,,,"No Google candidate passed verification (exact business name or street number+street+city+state). Nearest result: ""Rio Frio RV Park and Campground"""
Island Camping and Marina,Hager City,WI,21-295A-11,"Hager City, WI",RV Resort,,,,,Freedom Island Campground and Marina,,,,"No Google candidate passed verification (exact business name or street number+street+city+state). Nearest result: ""Freedom Island Campground and Marina"""
Island Time RV Resort,Navarre,FL,22-110A-03,"Navarre, FL",RV Resort,https://islandtime-rvresort.com/,,Temporarily closed,https://maps.google.com/?cid=2568463449981297890&g_mp=CiVnb29nbGUubWFwcy5wbGFjZXMudjEuUGxhY2VzLkdldFBsYWNlEAIYBCAA,Island Time RV Resort,3.7,3,2024,
Isokan Retreat,Dix,NY,24-220A-08,"Dix, NY",Glamping resort,,,,,Sowilo Retreat - Wellness & Spa,,,,"No Google candidate passed verification (exact business name or street number+street+city+state). Nearest result: ""Sowilo Retreat - Wellness & Spa"""
Jeff Pfiel,Bozeman,MT,25-134A-02,"Bozeman, MT",Glamping resort,,,,,,,,,Skipped Google lookup — property name looks like bad import or non-property
Jellystone Park Camp-Resort,Warrens,WI,ARG-jellystone-park-camp-resort-warrens-wi-wi,"Warrens, WI",RV Resort,,,,,Jellystone Park Warrens,,,,"No Google candidate passed verification (exact business name or street number+street+city+state). Nearest result: ""Jellystone Park Warrens"""
Johnny Duda,Fischer,TX,24-260A-09,"Fischer, TX",Other,,,,,,,,,Skipped Google lookup — property name looks like bad import or non-property
Jubilee RV and Camping Park,New Orleans,LA,22-203A-06,"New Orleans, LA",RV Resort,,,,,Jubilee RV & Camp Park,,,,"No Google candidate passed verification (exact business name or street number+street+city+state). Nearest result: ""Jubilee RV & Camp Park"""
Justin Highland-Market Analysis,Fort Worth,TX,25-263A-08,"Fort Worth, TX",Other,,,,,,,,,Skipped Google lookup — property name looks like bad import or non-property
Kamper Kompanion RV Park,Litchfield,IL,22-229A-06,"Litchfield, IL",RV Resort,https://kamperkompanion.com/,,Open (OPERATIONAL),https://maps.google.com/?cid=6984713266514045769&g_mp=CiVnb29nbGUubWFwcy5wbGFjZXMudjEuUGxhY2VzLkdldFBsYWNlEAIYBCAA,Kamper Kompanion RV Park,4.6,318,2025,
Kentucky Downs RV Resort,Franklin,KY,24-125A-03,"Franklin, KY",RV Resort,,,,,The Mint Gaming Hall Kentucky Downs,,,,"No Google candidate passed verification (exact business name or street number+street+city+state). Nearest result: ""The Mint Gaming Hall Kentucky Downs"""
Kernel Farms,Goshen,NY,23-274A-10,"Goshen, NY",Glamping resort,,,,,Kelder's Farm,,,,"No Google candidate passed verification (exact business name or street number+street+city+state). Nearest result: ""Kelder's Farm"""
Kingdom Campground,Lyndonville,VT,19-107A-02,"Lyndonville, VT",RV Resort,https://kingdomcampground.com/,,Open (OPERATIONAL),https://maps.google.com/?cid=8563524881541247084&g_mp=CiVnb29nbGUubWFwcy5wbGFjZXMudjEuUGxhY2VzLkdldFBsYWNlEAIYBCAA,Kingdom Campground,4.8,121,2025,
Knights of the RV,Plantersville,TX,24-143A-03,"Plantersville, TX",RV Resort,,,,,Knights of the RV Park & Resort,,,,"No Google candidate passed verification (exact business name or street number+street+city+state). Nearest result: ""Knights of the RV Park & Resort"""
Komodo Springs Glamping Resort,Campton,KY,23-137A-03,"Campton, KY",Glamping resort,,,,,Komodo Springs,,,,"No Google candidate passed verification (exact business name or street number+street+city+state). Nearest result: ""Komodo Springs"""
Kootenai Creek,Stevensville,MT,25-137A-03,"Stevensville, MT",Glamping resort,,,,,Kootenai Creek Trail,,,,"No Google candidate passed verification (exact business name or street number+street+city+state). Nearest result: ""Kootenai Creek Trail"""
Lake Clinch RV Resort,Frostproof,FL,22-298A-09,"Frostproof, FL",RV Resort,,,,,Lake Clinch Resort,,,,"No Google candidate passed verification (exact business name or street number+street+city+state). Nearest result: ""Lake Clinch Resort"""
Lake Louise RV Resort,Bryon,IL,22-163A-03,"Bryon, IL",RV Resort,http://www.lakelouiservresort.com/,,Open (OPERATIONAL),https://maps.google.com/?cid=13836983787801225170&g_mp=CiVnb29nbGUubWFwcy5wbGFjZXMudjEuUGxhY2VzLkdldFBsYWNlEAIYBCAA,Lake Louise RV Resort,3.8,383,2025,
Lake Mason Campground,Briggsville,WI,24-118A-02,"Briggsville, WI",RV Resort,https://camplakemason.com/?utm_campaign=gmb,,Open (OPERATIONAL),https://maps.google.com/?cid=14391870786245931475&g_mp=CiVnb29nbGUubWFwcy5wbGFjZXMudjEuUGxhY2VzLkdldFBsYWNlEAIYBCAA,Lake Mason Campground,4.5,128,2025,
Lake Texoma Cabins,Kingston,OK,24-209A-07,"Kingston, OK",Glamping resort,,,,,,,,,No Google Places match for search query
Lakeshore Village RV Park,Madison,FL,23-277A-11,"Madison, FL",RV Resort,,,,,Ragans Family Campground,,,,"No Google candidate passed verification (exact business name or street number+street+city+state). Nearest result: ""Ragans Family Campground"""
Lakeside Hybrid RV Resort and Lakeside Commons,Tonganoxie,KS,24-210A-07,"Tonganoxie, KS",RV Resort,,,,,Lakeside Family Resort,,,,"No Google candidate passed verification (exact business name or street number+street+city+state). Nearest result: ""Lakeside Family Resort"""
Lakeside RV Resort,Tonganoxie,KS,17-182A-11,"Tonganoxie, KS",RV Resort,https://rjourney.com/park/la/lakeside/?utm_source=google&utm_medium=organic&utm_campaign=gbp_lakeside&utm_content=website,,Open (OPERATIONAL),https://maps.google.com/?cid=12898885816462111475&g_mp=CiVnb29nbGUubWFwcy5wbGFjZXMudjEuUGxhY2VzLkdldFBsYWNlEAIYBCAA,Lakeside RV Resort,4.6,754,2025,
Lanier's Campground,Surf City,NC,22-263A-08,"Surf City, NC",RV Resort,,,,,The Inlet at Lanier Pointe (Formerly Lanier's Campground),,,,"No Google candidate passed verification (exact business name or street number+street+city+state). Nearest result: ""The Inlet at Lanier Pointe (Formerly Lanier's Campground)"""
Lantern Oaks RV Resort,Fredericksburg,TX,24-196A-06,"Fredericksburg, TX",RV Resort,https://lanternoaks.com/,,Open (OPERATIONAL),https://maps.google.com/?cid=6912197495903087311&g_mp=CiVnb29nbGUubWFwcy5wbGFjZXMudjEuUGxhY2VzLkdldFBsYWNlEAIYBCAA,Lantern Oaks RV Resort,4.8,527,2025,
LaPorte Road RV Park,New Buffalo,MI,18-114A-03,"New Buffalo, MI",RV Resort,,,,,Judy's Motel & Campground,,,,"No Google candidate passed verification (exact business name or street number+street+city+state). Nearest result: ""Judy's Motel & Campground"""
Legacy Lane RV Resort,Brantley,AL,20-106A-01,"Brantley, AL",RV Resort,,,,,Legacy RV Resort,,,,"No Google candidate passed verification (exact business name or street number+street+city+state). Nearest result: ""Legacy RV Resort"""
Leisure Lake Membership Resort,Joliet,IL,19-144A-07,"Joliet, IL",RV Resort,http://www.leisurelakeresort.com/,,Open (OPERATIONAL),https://maps.google.com/?cid=1714367283314154867&g_mp=CiVnb29nbGUubWFwcy5wbGFjZXMudjEuUGxhY2VzLkdldFBsYWNlEAIYBCAA,Leisure Lake Membership Resort,3.9,251,2025,
Liberty Point,Norman,OK,23-281A-11,"Norman, OK",Glamping resort,,,,,Liberty Pointe,,,,"No Google candidate passed verification (exact business name or street number+street+city+state). Nearest result: ""Liberty Pointe"""
Llano Landing RV Resort,Llano,TX,20-318A-10,"Llano, TX",RV Resort & Glamping,,,,,Llano City Rv Park,,,,"No Google candidate passed verification (exact business name or street number+street+city+state). Nearest result: ""Llano City Rv Park"""
London Bridge RV Resort,Lake Havasu,AZ,19-112A-02,"Lake Havasu, AZ",RV Resort,,,,,London Bridge RV & Truck Accessories,,,,"No Google candidate passed verification (exact business name or street number+street+city+state). Nearest result: ""London Bridge RV & Truck Accessories"""
Long Creek RV Park,New Braunfels,TX,22-318A-10,"New Braunfels, TX",RV Resort,https://longcreekrvparktx.com/,,Open (OPERATIONAL),https://maps.google.com/?cid=15273288323285365733&g_mp=CiVnb29nbGUubWFwcy5wbGFjZXMudjEuUGxhY2VzLkdldFBsYWNlEAIYBCAA,Long Creek RV Park,4.4,13,2025,
Loop 363 RV Park,Temple,TX,20-231A-03,"Temple, TX",RV Resort,,,,,Belaire Junction RV Park,,,,"No Google candidate passed verification (exact business name or street number+street+city+state). Nearest result: ""Belaire Junction RV Park"""
Luray RV Resort & Campground on Shenandoah River,Luray,VA,24-160A-04,"Luray, VA",RV Resort,,,,,Luray RV Resort on Shenandoah River,,,,"No Google candidate passed verification (exact business name or street number+street+city+state). Nearest result: ""Luray RV Resort on Shenandoah River"""
Madrone Tree Hill,Camino,CA,20-356A-11,"Camino, CA",Glamping resort,https://www.madronetreehill.com/,,Open (OPERATIONAL),https://maps.google.com/?cid=15793802072703690977&g_mp=CiVnb29nbGUubWFwcy5wbGFjZXMudjEuUGxhY2VzLkdldFBsYWNlEAIYBCAA,Madrone Tree Hill,4.5,39,2020,
Manor Tiny Wildlife Resort,Manor,TX,20-332A-10,"Manor, TX",RV Resort,,,,,Rancho Moonrise,,,,"No Google candidate passed verification (exact business name or street number+street+city+state). Nearest result: ""Rancho Moonrise"""
Margaritaville RV Resort,Auburndale,FL,21-123A-04,"Auburndale, FL",RV Resort,,,,,Camp Margaritaville Auburndale,,,,"No Google candidate passed verification (exact business name or street number+street+city+state). Nearest result: ""Camp Margaritaville Auburndale"""
Marty And Brandon Palmer,Litchfield,IL,25-266A-08,"Litchfield, IL",RV Resort,,,,,,,,,Skipped Google lookup — property name looks like bad import or non-property
Mary Simmons-FS Add-on,Kingston,OK,24-209B-07,"Kingston, OK",Glamping resort,,,,,,,,,Skipped Google lookup — property name looks like bad import or non-property
MayaVita,,VA,25-296A-09,VA,Other,,,,,,,,,No Google Places match for search query
Mike Sullivan,Cloverdale,IN,25-211A-06,"Cloverdale, IN",RV Resort,,,,,,,,,Skipped Google lookup — property name looks like bad import or non-property
Moab Glamping Caves,Moab,UT,23-191A-06,"Moab, UT",Glamping resort,,,,,Moab RV & Glamping Resort,,,,"No Google candidate passed verification (exact business name or street number+street+city+state). Nearest result: ""Moab RV & Glamping Resort"""
Monarch Resort,Horseshoe Bay,TX,24-144A-03,"Horseshoe Bay, TX",RV Resort & Glamping,,,,,Horseshoe Bay Resort,,,,"No Google candidate passed verification (exact business name or street number+street+city+state). Nearest result: ""Horseshoe Bay Resort"""
Moore Haven Lake Estates,West Palm Beach,FL,ARG-moore-haven-lake-estates-west-palm-beach-fl-fl,"West Palm Beach, FL",RV Resort,,,,,Palm Lake Estates,,,,"No Google candidate passed verification (exact business name or street number+street+city+state). Nearest result: ""Palm Lake Estates"""
Mountain View RV Resort,Salome,AZ,20-325A-11,"Salome, AZ",RV Resort,,,,,Morenga Palms RV Park,,,,"No Google candidate passed verification (exact business name or street number+street+city+state). Nearest result: ""Morenga Palms RV Park"""
Neon Ranch RV Resort,Gold Canyon,AZ,21-122A-04,"Gold Canyon, AZ",RV Resort,,,,,Gold Canyon Golf & RV Resort,,,,"No Google candidate passed verification (exact business name or street number+street+city+state). Nearest result: ""Gold Canyon Golf & RV Resort"""
New River City Retreat,Montgomery County,VA,25-126A-02,"Montgomery County, VA",Glamping resort,,,,,New River Retreat,,,,"No Google candidate passed verification (exact business name or street number+street+city+state). Nearest result: ""New River Retreat"""
New River Ridge,Grassy Creek,NC,24-180A-06,"Grassy Creek, NC",Glamping resort,https://www.newriverridge.com/,,Open (OPERATIONAL),https://maps.google.com/?cid=9080232718993589157&g_mp=CiVnb29nbGUubWFwcy5wbGFjZXMudjEuUGxhY2VzLkdldFBsYWNlEAIYBCAA,New River Ridge,5,3,2026,
Nickajack Shores RV Resort,Jasper,TN,24-109A-01,"Jasper, TN",RV Resort,,,,,Hales Bar Marina & Resort,,,,"No Google candidate passed verification (exact business name or street number+street+city+state). Nearest result: ""Hales Bar Marina & Resort"""
Norman South RV Resort,,OK,23-281A-09,OK,Other,,,,,RB Park,,,,"No Google candidate passed verification (exact business name or street number+street+city+state). Nearest result: ""RB Park"""
Observer Ranch,Penrose,CO,23-104A-01,"Penrose, CO",RV Resort & Glamping,https://observerranch.com/,,Open (OPERATIONAL),https://maps.google.com/?cid=13990724324927005558&g_mp=CiVnb29nbGUubWFwcy5wbGFjZXMudjEuUGxhY2VzLkdldFBsYWNlEAIYBCAA,Observer Ranch,5,155,2025,
Ocean Club Luxury RV Destination,St. Augustine,FL,24-198A-06,"St. Augustine, FL",RV Resort,,,,,Ocean Grove RV Resort - St. Augustine,,,,"No Google candidate passed verification (exact business name or street number+street+city+state). Nearest result: ""Ocean Grove RV Resort - St. Augustine"""
Ocean Club RV Park,,FL,23-196A-06,FL,Other,,,,,Ocean Grove RV Resort - St. Augustine,,,,"No Google candidate passed verification (exact business name or street number+street+city+state). Nearest result: ""Ocean Grove RV Resort - St. Augustine"""
Ocean Springs Island RV Resort,Ocean Springs,,23-166A-05,Ocean Springs,RV Resort,,,,,Davis Bayou Campground,,,,"No Google candidate passed verification (exact business name or street number+street+city+state). Nearest result: ""Davis Bayou Campground"""
Old Trails Bridge RV Resort,Topock,AZ,23-194A-06,"Topock, AZ",RV Resort,,,,,Desert View RV Resort,,,,"No Google candidate passed verification (exact business name or street number+street+city+state). Nearest result: ""Desert View RV Resort"""
Open Air Resort,Harker Heights,TX,19-123A-04,"Harker Heights, TX",RV Resort,,,,,Open Air RV Resort- Harker Heights,,,,"No Google candidate passed verification (exact business name or street number+street+city+state). Nearest result: ""Open Air RV Resort- Harker Heights"""
Open Air Resorts - Spicewood,Travis County,TX,25-256A-07,"Travis County, TX",Glamping resort,,,,,Open Air Spicewood,,,,"No Google candidate passed verification (exact business name or street number+street+city+state). Nearest result: ""Open Air Spicewood"""
Open Sky Zion,Virgin,UT,24-182A-06,"Virgin, UT",Glamping resort,https://www.stayopensky.com/,,Open (OPERATIONAL),https://maps.google.com/?cid=12689529135149179060&g_mp=CiVnb29nbGUubWFwcy5wbGFjZXMudjEuUGxhY2VzLkdldFBsYWNlEAIYBCAA,Open Sky Zion,5,336,2026,
Peaceful Valley Ranch,Idaho Springs,CO,22-306A-10,"Idaho Springs, CO",RV Resort,http://eventsatpvr.com/,,Open (OPERATIONAL),https://maps.google.com/?cid=2037823473908834024&g_mp=CiVnb29nbGUubWFwcy5wbGFjZXMudjEuUGxhY2VzLkdldFBsYWNlEAIYBCAA,Peaceful Valley Ranch,4.3,80,2024,
Pegasus Landing,Blairsville,GA,ARG-pegasus-landing-blairsville-ga-ga,"Blairsville, GA",RV Resort,,,Unknown,https://maps.google.com/?cid=8017050850334226980&g_mp=CiVnb29nbGUubWFwcy5wbGFjZXMudjEuUGxhY2VzLkdldFBsYWNlEAIYBCAA,Pegasus Landing,,,,
Pelican Point RV Park,Plaquemine,LA,18-188A-12,"Plaquemine, LA",RV Resort,http://www.pelicanpointrv.com/,,Open (OPERATIONAL),https://maps.google.com/?cid=6760355062432179456&g_mp=CiVnb29nbGUubWFwcy5wbGFjZXMudjEuUGxhY2VzLkdldFBsYWNlEAIYBCAA,Pelican Point RV Park,4.1,242,2023,
Peralta Pass RV Resort,Queen Valley,AZ,20-270A-01,"Queen Valley, AZ",RV Resort,,,,,"Palo Verde RV Park, LLC",,,,"No Google candidate passed verification (exact business name or street number+street+city+state). Nearest result: ""Palo Verde RV Park, LLC"""
Pinetop RV Resort,Pinetop-Lakeside,AZ,19-168A-09,"Pinetop-Lakeside, AZ",RV Resort,,,,,Hon-Dah RV Park,,,,"No Google candidate passed verification (exact business name or street number+street+city+state). Nearest result: ""Hon-Dah RV Park"""
Pioneer RV Park,Port Aransas,TX,23-183A-05,"Port Aransas, TX",RV Resort,,,,,Pioneer RV Beach Resort,,,,"No Google candidate passed verification (exact business name or street number+street+city+state). Nearest result: ""Pioneer RV Beach Resort"""
Port of Olympia RV Resort,Olympia,WA,19-219A-12,"Olympia, WA",RV Resort,,,,,Lost Lake RV Resort,,,,"No Google candidate passed verification (exact business name or street number+street+city+state). Nearest result: ""Lost Lake RV Resort"""
Post Oak Creek RV Resort,Elm Mott,TX,19-185A-10,"Elm Mott, TX",RV Resort & Glamping,,,,,Oak Creek RV Park,,,,"No Google candidate passed verification (exact business name or street number+street+city+state). Nearest result: ""Oak Creek RV Park"""
Prospect Lake Park,North Egremont,MA,23-129B-03,"North Egremont, MA",Glamping resort,,,,,Prospect Lake Road,,,,"No Google candidate passed verification (exact business name or street number+street+city+state). Nearest result: ""Prospect Lake Road"""
Purple Sage RV Resort,Soap Lake,WA,20-107A-01,"Soap Lake, WA",RV Resort,,,,,Soap Lake Resort RV Park,,,,"No Google candidate passed verification (exact business name or street number+street+city+state). Nearest result: ""Soap Lake Resort RV Park"""
Quantum Space Resorts (Sedona),Cottonwood,AZ,25-310A-10,"Cottonwood, AZ",Glamping resort,,,,,Cedars Resort,,,,"No Google candidate passed verification (exact business name or street number+street+city+state). Nearest result: ""Cedars Resort"""
Ragged Mountain RV Resort,Danbury,NH,20-245A-05,"Danbury, NH",RV Resort & Glamping,,,,,Ragged Mountain Resort,,,,"No Google candidate passed verification (exact business name or street number+street+city+state). Nearest result: ""Ragged Mountain Resort"""
Ray Roberts Marina and RV Park,Sanger,TX,22-273A-08,"Sanger, TX",RV Resort,,,,,Ray Roberts Lake State Park,,,,"No Google candidate passed verification (exact business name or street number+street+city+state). Nearest result: ""Ray Roberts Lake State Park"""
Real Tejas RV Resort,Kyle,TX,21-322A-12,"Kyle, TX",RV Resort,,,Open (OPERATIONAL),https://maps.google.com/?cid=13533407176948643762&g_mp=CiVnb29nbGUubWFwcy5wbGFjZXMudjEuUGxhY2VzLkdldFBsYWNlEAIYBCAA,Real Tejas RV Resort,,,,
Rendezvous Resort,Breckenridge,CO,25-181A-04,"Breckenridge, CO",Glamping resort,,,,,Grand Timber Lodge,,,,"No Google candidate passed verification (exact business name or street number+street+city+state). Nearest result: ""Grand Timber Lodge"""
Rights Appraised,Gulfport,MS,23-207A-07,"Gulfport, MS",Glamping resort,,,,,,,,,Skipped Google lookup — property name looks like bad import or non-property
Rising Sun Ridge,Rising Fawn,GA,22-164A-04,"Rising Fawn, GA",Glamping resort,,,,,Rising Fawn Gardens,,,,"No Google candidate passed verification (exact business name or street number+street+city+state). Nearest result: ""Rising Fawn Gardens"""
River Beach Resort,Mays Landing,NJ,22-113A-03,"Mays Landing, NJ",RV Resort,,,,,River Beach RV Resort,,,,"No Google candidate passed verification (exact business name or street number+street+city+state). Nearest result: ""River Beach RV Resort"""
River Dreamers RV Park,Ehrenberg,AZ,21-311A-12,"Ehrenberg, AZ",RV Resort,,,,,River Dreamers RV Park - Under Construction - Opening soon,,,,"No Google candidate passed verification (exact business name or street number+street+city+state). Nearest result: ""River Dreamers RV Park - Under Construction - Opening soon"""
Riverbend Glamping Resort,Gallatin Gateway,MT,19-214A-12,"Gallatin Gateway, MT",Glamping resort,,,,,Cinnamon Lodge & Adventures,,,,"No Google candidate passed verification (exact business name or street number+street+city+state). Nearest result: ""Cinnamon Lodge & Adventures"""
Riverview/Stateline RV Resort,Spokane County,WA,19-133A-06,"Spokane County, WA",RV Resort,,,,,Riverview RV Park,,,,"No Google candidate passed verification (exact business name or street number+street+city+state). Nearest result: ""Riverview RV Park"""
Riverwalk RV Resort,Astor,FL,20-340A-11,"Astor, FL",RV Resort,,,,,Riverwalk Landing Cottages & RV Park,,,,"No Google candidate passed verification (exact business name or street number+street+city+state). Nearest result: ""Riverwalk Landing Cottages & RV Park"""
Roaring Point Campground,Nanticoke,MD,22-110A-03__2,"Nanticoke, MD",RV Resort,http://www.roaringpoint.com/,,Open (OPERATIONAL),https://maps.google.com/?cid=2287013869141137648&g_mp=CiVnb29nbGUubWFwcy5wbGFjZXMudjEuUGxhY2VzLkdldFBsYWNlEAIYBCAA,Roaring Point Campground,4.6,207,2024,
Rock Quarry RV Resort,San Leandro,CA,24-103A-01,"San Leandro, CA",RV Resort,,,,,Dumbarton Quarry Campground on the Bay,,,,"No Google candidate passed verification (exact business name or street number+street+city+state). Nearest result: ""Dumbarton Quarry Campground on the Bay"""
Rock Springs RV Resort,Yacapai County,AZ,23-149A-04,"Yacapai County, AZ",RV Resort,http://www.rockspringsrvresort.com/?utm_source=gbp&utm_medium=organic&utm_campaign=main_website,,Open (OPERATIONAL),https://maps.google.com/?cid=17388568390575084802&g_mp=CiVnb29nbGUubWFwcy5wbGFjZXMudjEuUGxhY2VzLkdldFBsYWNlEAIYBCAA,Rock Springs RV Resort,5,1,2025,
Rooted in Retreats,,CO,25-177A-04,CO,Glamping resort,,,,,Rocky Mountain Ecodharma Retreat Center,,,,"No Google candidate passed verification (exact business name or street number+street+city+state). Nearest result: ""Rocky Mountain Ecodharma Retreat Center"""
Royal York Golf Course,Armstrong BC,"BC, CANADA",19-150A-09,"Armstrong BC, BC, CANADA",RV Resort,,,Permanently closed,https://maps.google.com/?cid=10617512174289822151&g_mp=CiVnb29nbGUubWFwcy5wbGFjZXMudjEuUGxhY2VzLkdldFBsYWNlEAIYBCAA,Royal York Golf Course,4.3,144,2019,
Rustic Roost RV Resort & Self-Storage Facility,Gretna,FL,24-106A-01,"Gretna, FL",RV Resort,,,,,"Rustic Oaks RV Park, LLC",,,,"No Google candidate passed verification (exact business name or street number+street+city+state). Nearest result: ""Rustic Oaks RV Park, LLC"""
RV Lakefront Resort,Ardmore,OK,21-121A-04,"Ardmore, OK",RV Resort,,,,,By The Lake RV Park/Resort,,,,"No Google candidate passed verification (exact business name or street number+street+city+state). Nearest result: ""By The Lake RV Park/Resort"""
RV Park at Seabrook,Pacific Beach,WA,26-134A-03,"Pacific Beach, WA",RV Resort,,,,,Pacific Beach State Park,,,,"No Google candidate passed verification (exact business name or street number+street+city+state). Nearest result: ""Pacific Beach State Park"""
Shawnee Bend Recreation Area,Warsaw,MO,20-347A-11,"Warsaw, MO",RV Resort,,,,,Shawnee Bend Recreation Area Beach,,,,"No Google candidate passed verification (exact business name or street number+street+city+state). Nearest result: ""Shawnee Bend Recreation Area Beach"""
"Simmons Bluff Road
Woodbine",,CO,23-303A-12,CO,Glamping resort,,,,,,,,,Skipped Google lookup — property name looks like bad import or non-property
Sindey Park RV Park,Port Orchard,WA,20-118A-02,"Port Orchard, WA",RV Resort,,,,,Sidney Park RV Park,,,,"No Google candidate passed verification (exact business name or street number+street+city+state). Nearest result: ""Sidney Park RV Park"""
Skokomish Park at Lake Cushman,Mason County,WA,25-150A-03,"Mason County, WA",Glamping resort,https://www.skokomishtourism.com/skokomish-park,,Open (OPERATIONAL),https://maps.google.com/?cid=999977286916388677&g_mp=CiVnb29nbGUubWFwcy5wbGFjZXMudjEuUGxhY2VzLkdldFBsYWNlEAIYBCAA,Skokomish Park at Lake Cushman,4.4,531,2025,
Sky Diamonds Glamping/RV Resort,,CO,25-169A-04,CO,Glamping resort,,,,,,,,,Skipped Google lookup — property name looks like bad import or non-property
Sojourner Glamping Resort,Stanardsville,VA,23-138A-03,"Stanardsville, VA",Glamping resort,,,,,"Postcard Cabins Shenandoah, Outdoor Collection by Marriott Bonvoy",,,,"No Google candidate passed verification (exact business name or street number+street+city+state). Nearest result: ""Postcard Cabins Shenandoah, Outdoor Collection by Marriott Bonvoy"""
Sonora Lake RV Resort,Gila Bend,AZ,17-136A-06,"Gila Bend, AZ",RV Resort,,,,,Sonoran Desert RV Park,,,,"No Google candidate passed verification (exact business name or street number+street+city+state). Nearest result: ""Sonoran Desert RV Park"""
South Canyon Farms,Twin Falls,ID,22-291A-09,"Twin Falls, ID",RV Resort,,,,,Hagerman Canyon Farms,,,,"No Google candidate passed verification (exact business name or street number+street+city+state). Nearest result: ""Hagerman Canyon Farms"""
South Gate's Big Rig RV Resort,Layton,UT,20-313A-09,"Layton, UT",RV Resort,,,,,Valley View RV Resort,,,,"No Google candidate passed verification (exact business name or street number+street+city+state). Nearest result: ""Valley View RV Resort"""
Southern Escape RV Resort,Oatmeal,TX,19-207A-11,"Oatmeal, TX",RV Resort,,,,,Southern Escapes RV Park,,,,"No Google candidate passed verification (exact business name or street number+street+city+state). Nearest result: ""Southern Escapes RV Park"""
Spencer RV Park,,TN,26-107A-01,TN,Other,,,,,Spencer Cove RV Park,,,,"No Google candidate passed verification (exact business name or street number+street+city+state). Nearest result: ""Spencer Cove RV Park"""
Sportif Glamping Resort,Fort Myers,FL,23-204A-07,"Fort Myers, FL",Glamping resort,,,,,Timberline Fort Myers,,,,"No Google candidate passed verification (exact business name or street number+street+city+state). Nearest result: ""Timberline Fort Myers"""
St Charles/Bear Lake Glamping Resort,St Charles,ID,23-174A-05,"St Charles, ID",Glamping resort,,,,,Sun Outdoors Garden City Utah,,,,"No Google candidate passed verification (exact business name or street number+street+city+state). Nearest result: ""Sun Outdoors Garden City Utah"""
St. Ives RV Park,Alvin,TX,17-195A-12,"Alvin, TX",RV Resort,,,,,St. Ives RV Resort,,,,"No Google candidate passed verification (exact business name or street number+street+city+state). Nearest result: ""St. Ives RV Resort"""
Starlite Classic Campground,Cañon City,CO,23-244A-09,"Cañon City, CO",Glamping resort,https://starlitevintageresort.com/,,Open (OPERATIONAL),https://maps.google.com/?cid=11040832201394104740&g_mp=CiVnb29nbGUubWFwcy5wbGFjZXMudjEuUGxhY2VzLkdldFBsYWNlEAIYBCAA,Starlite Vintage Resort,4.7,249,2025,
Starry Skies RV Park,Sierra Vista,AZ,23-222B-08,"Sierra Vista, AZ",Glamping resort,,,,,Sierra Vista RV Park,,,,"No Google candidate passed verification (exact business name or street number+street+city+state). Nearest result: ""Sierra Vista RV Park"""
Sterling Federal Bank,Ottawa,IL,25-279A-08,"Ottawa, IL",Glamping resort,,,,,,,,,Skipped Google lookup — property name looks like bad import or non-property
Stinson RV Park,Campbell,TX,20-230A-03,"Campbell, TX",RV Resort,,,,,Stinson RV & Tiny Home Resort,,,,"No Google candidate passed verification (exact business name or street number+street+city+state). Nearest result: ""Stinson RV & Tiny Home Resort"""
Sugar Hill RV Ranch,Anna,TX,19-204A-11,"Anna, TX",RV Resort,,,,,Sugar Hill RV Resort,,,,"No Google candidate passed verification (exact business name or street number+street+city+state). Nearest result: ""Sugar Hill RV Resort"""
SummaryResort NameBlack Creek RV ParkReso,Brentwood,TN,23-227A-08,"Brentwood, TN",Glamping resort,,,,,,,,,Skipped Google lookup — property name looks like bad import or non-property
SummaryResort NameBurleson RV ParkResort,Addison,TX,23-165A-05,"Addison, TX",Glamping resort,,,,,,,,,Skipped Google lookup — property name looks like bad import or non-property
SummaryResort NameCalaveras RV ParkResort,Addison,TX,23-164A-05,"Addison, TX",Glamping resort,,,,,,,,,Skipped Google lookup — property name looks like bad import or non-property
SummaryResort NameFranklin Canyon RV Reso,Copperopolis,CA,23-160A-04,"Copperopolis, CA",Glamping resort,,,,,,,,,Skipped Google lookup — property name looks like bad import or non-property
SummaryResort NamePitmaster RV ParkResort,Boerne,TX,23-140A-03,"Boerne, TX",Glamping resort,,,,,,,,,Skipped Google lookup — property name looks like bad import or non-property
SummaryResort NameWindmill Oasis RV Campg,Vernon,TX,23-268A-10,"Vernon, TX",Glamping resort,,,,,,,,,Skipped Google lookup — property name looks like bad import or non-property
Sundowner RV Park,Princeton,TX,19-163A-08,"Princeton, TX",RV Resort,https://sundownerrvpark.com/,,Open (OPERATIONAL),https://maps.google.com/?cid=8913815920275278315&g_mp=CiVnb29nbGUubWFwcy5wbGFjZXMudjEuUGxhY2VzLkdldFBsYWNlEAIYBCAA,Sundowner RV Park,4.7,119,2023,
Sunsets RV Park,Austin,TX,21-157A-06,"Austin, TX",RV Resort,,,,,Sunset RV Resort,,,,"No Google candidate passed verification (exact business name or street number+street+city+state). Nearest result: ""Sunset RV Resort"""
Sylvan Lake,Dutchess County,NY,26-100A-01,"Dutchess County, NY",Glamping resort,,,Unknown,https://maps.google.com/?cid=18080024065140110221&g_mp=CiVnb29nbGUubWFwcy5wbGFjZXMudjEuUGxhY2VzLkdldFBsYWNlEAIYBCAA,Sylvan Lake,,,,
Table Rock Canyon,Hollister,MO,19-135A-06,"Hollister, MO",RV Resort,,,,,Lost Canyon Cave and Nature Trail,,,,"No Google candidate passed verification (exact business name or street number+street+city+state). Nearest result: ""Lost Canyon Cave and Nature Trail"""
Tall Sycamore Campground,Logansport,IN,20-310B-09,"Logansport, IN",RV Resort,http://www.tallsycamorecampground.com/,,Open (OPERATIONAL),https://maps.google.com/?cid=722989792935376761&g_mp=CiVnb29nbGUubWFwcy5wbGFjZXMudjEuUGxhY2VzLkdldFBsYWNlEAIYBCAA,Tall Sycamore Campground,4.3,157,2025,
Tallahassee West Midway RV Resort,Tallahassee,FL,21-135A-05,"Tallahassee, FL",RV Resort,,,,,Tallahassee RV Park,,,,"No Google candidate passed verification (exact business name or street number+street+city+state). Nearest result: ""Tallahassee RV Park"""
"TBD-Ansted, WV",Ansted,WV,23-309A-12,"Ansted, WV",Glamping resort,,,,,,,,,Skipped Google lookup — property name looks like bad import or non-property
TBH-Hub Basecamp,Pisgah Forest,NC,23-312A-12,"Pisgah Forest, NC",Glamping resort,,,,,,,,,Skipped Google lookup — property name looks like bad import or non-property
TBH-Morganton RV/Glamping Resort,Morganton,NC,24-116A-02,"Morganton, NC",RV Resort & Glamping,,,,,,,,,Skipped Google lookup — property name looks like bad import or non-property
The Camp at Smith Lake,Crane Hill,AL,22-278A-09,"Crane Hill, AL",RV Resort & Glamping,,,,,The Camp @ Smith Lake Tiny Home # 1,,,,"No Google candidate passed verification (exact business name or street number+street+city+state). Nearest result: ""The Camp @ Smith Lake Tiny Home # 1"""
The Embers Glamping & RV Resort,Branson,MO,22-346A-12,"Branson, MO",RV Resort,https://www.theembersbranson.com/,,Open (OPERATIONAL),https://maps.google.com/?cid=12340624891337839674&g_mp=CiVnb29nbGUubWFwcy5wbGFjZXMudjEuUGxhY2VzLkdldFBsYWNlEAIYBCAA,The Embers Glamping & RV Resort,4.9,124,2025,
The Lost Hamptons Resort,Windsor,NY,24-164A-04,"Windsor, NY",Glamping resort,,,,,The Sagaponack,,,,"No Google candidate passed verification (exact business name or street number+street+city+state). Nearest result: ""The Sagaponack"""
The Marbella,Breckenridge,TX,21-103A-01,"Breckenridge, TX",Glamping resort,,,,,The Bell Mare Hotel,,,,"No Google candidate passed verification (exact business name or street number+street+city+state). Nearest result: ""The Bell Mare Hotel"""
The Outpost Glamping Resort,Williams,AZ,24-139A-03,"Williams, AZ",Glamping resort,,,,,The Outpost Grand Canyon,,,,"No Google candidate passed verification (exact business name or street number+street+city+state). Nearest result: ""The Outpost Grand Canyon"""
The Peninsula Lakefront RV Resort,Breckenridge,TX,21-181A-07,"Breckenridge, TX",RV Resort,,,,,Peninsula Point RV & Tiny Home Luxury Resort,,,,"No Google candidate passed verification (exact business name or street number+street+city+state). Nearest result: ""Peninsula Point RV & Tiny Home Luxury Resort"""
The Ranch at Salt River,Tortilla Flat,AZ,24-212A-07,"Tortilla Flat, AZ",Glamping resort,,,,,The Ranch Salt River,,,,"No Google candidate passed verification (exact business name or street number+street+city+state). Nearest result: ""The Ranch Salt River"""
The Wilds,Easton,WA,21-147A-05,"Easton, WA",Glamping resort,http://thewilds.org/,,Open (OPERATIONAL),https://maps.google.com/?cid=17935386734086091830&g_mp=CiVnb29nbGUubWFwcy5wbGFjZXMudjEuUGxhY2VzLkdldFBsYWNlEAIYBCAA,The Wilds,4.8,3976,2025,
Tiger Cove RV Resort,Anderson,SC,22-171A-04,"Anderson, SC",RV Resort,,,,,Tiger Mountain RV Camping & Cabins,,,,"No Google candidate passed verification (exact business name or street number+street+city+state). Nearest result: ""Tiger Mountain RV Camping & Cabins"""
Tiger Creek RV Resort,Tyler,TX,20-319A-10,"Tyler, TX",RV Resort,,,,,Spring Creek RV Resort,,,,"No Google candidate passed verification (exact business name or street number+street+city+state). Nearest result: ""Spring Creek RV Resort"""
Tim Tam Camping Resort,Jackson Township,NJ,24-135A-03,"Jackson Township, NJ",RV Resort,,,,,TIP TAM CAMPING RESORT,,,,"No Google candidate passed verification (exact business name or street number+street+city+state). Nearest result: ""TIP TAM CAMPING RESORT"""
To Be Determined,Shenandoah Valley,VA,22-178A-05__2,"Shenandoah Valley, VA",RV Resort,,,,,,,,,Skipped Google lookup — property name looks like bad import or non-property
Tortilla Flat/Salt River Glamping,Tortilla Flat,AZ,22-327A-11,"Tortilla Flat, AZ",Glamping resort,,,,,Tortilla Flat Saloon,,,,"No Google candidate passed verification (exact business name or street number+street+city+state). Nearest result: ""Tortilla Flat Saloon"""
Tower Park Marina & Resort,Lodi,CA,16-216A-11,"Lodi, CA",RV Resort,,,,,Tower Park Marina,,,,"No Google candidate passed verification (exact business name or street number+street+city+state). Nearest result: ""Tower Park Marina"""
Trail and Hitch Hotel & RV Park,Meeker,CO,20-278A-07,"Meeker, CO",RV Resort,,,,,Trail and Hitch RV Park and Tiny Home Hotel,,,,"No Google candidate passed verification (exact business name or street number+street+city+state). Nearest result: ""Trail and Hitch RV Park and Tiny Home Hotel"""
Tuxedo Falls,Zirconia,NC,24-107A-01,"Zirconia, NC",Glamping resort,https://tuxedofalls.com/,,Open (OPERATIONAL),https://maps.google.com/?cid=6764707399908806995&g_mp=CiVnb29nbGUubWFwcy5wbGFjZXMudjEuUGxhY2VzLkdldFBsYWNlEAIYBCAA,Tuxedo Falls,5,120,2025,
Twin Arrows Resort,Twin Arrows,AZ,22-227A-06,"Twin Arrows, AZ",RV Resort & Glamping,,,,,Twin Arrows Navajo Casino Resort,,,,"No Google candidate passed verification (exact business name or street number+street+city+state). Nearest result: ""Twin Arrows Navajo Casino Resort"""
Twin Ponds RV Resort,Cloverdale,IN,23-141A-03,"Cloverdale, IN",RV Resort,,,,,Twin Ponds RV Park and Campground,,,,"No Google candidate passed verification (exact business name or street number+street+city+state). Nearest result: ""Twin Ponds RV Park and Campground"""
Two Guns Glamping and RV Resort,Two Guns,AZ,19-113A-03,"Two Guns, AZ",RV Resort & Glamping,,,,,Double Adobe Campground and Shotgun Sports,,,,"No Google candidate passed verification (exact business name or street number+street+city+state). Nearest result: ""Double Adobe Campground and Shotgun Sports"""
Tyler Creek Campground,Alto,MI,20-310A-09,"Alto, MI",RV Resort,,,,,Tyler Creek Golf Course & Campground,,,,"No Google candidate passed verification (exact business name or street number+street+city+state). Nearest result: ""Tyler Creek Golf Course & Campground"""
Type,Dripping Springs,TX,23-163A-05,"Dripping Springs, TX",Glamping resort,,,,,,,,,Skipped Google lookup — property name looks like bad import or non-property
Update 50 Prospect Lake Road,North Egremont,MA,23-129A-03,"North Egremont, MA",Glamping resort,,,,,,,,,Skipped Google lookup — property name looks like bad import or non-property
Valley RV Resort at Tonaquint,St. George,UT,21-183A-07,"St. George, UT",RV Resort,,,,,McArthur's Temple View RV Resort,,,,"No Google candidate passed verification (exact business name or street number+street+city+state). Nearest result: ""McArthur's Temple View RV Resort"""
vending area,Emory,TX,25-101A-01,"Emory, TX",Glamping resort,,,,,,,,,Skipped Google lookup — property name looks like bad import or non-property
Walden Retreats,Johnson City,TX,20-323A-10,"Johnson City, TX",Glamping resort,,,,,Walden Retreats Hill Country,,,,"No Google candidate passed verification (exact business name or street number+street+city+state). Nearest result: ""Walden Retreats Hill Country"""
Weiser River Trailhead RV Resort,Show Low,ID,23-189A-06,"Show Low, ID",RV Resort,,,,,Weiser River Trail Head,,,,"No Google candidate passed verification (exact business name or street number+street+city+state). Nearest result: ""Weiser River Trail Head"""
Wesley Weidermann,Mosinee,WI,25-220A-06,"Mosinee, WI",Glamping resort,,,,,,,,,Skipped Google lookup — property name looks like bad import or non-property
Whisper Ridge,Oroville,CA,24-192A-06,"Oroville, CA",RV Resort,,,,,Oroville Wildlife Area,,,,"No Google candidate passed verification (exact business name or street number+street+city+state). Nearest result: ""Oroville Wildlife Area"""
White Oaks Lake,Chattahoochee Hills,GA,24-187A-06,"Chattahoochee Hills, GA",Glamping resort,,,,,White Oak Lake,,,,"No Google candidate passed verification (exact business name or street number+street+city+state). Nearest result: ""White Oak Lake"""
Wildheart Resort,Kansas City,MO,24-142A-03,"Kansas City, MO",Glamping resort,,,,,Silver Heart Inn & Cottages,,,,"No Google candidate passed verification (exact business name or street number+street+city+state). Nearest result: ""Silver Heart Inn & Cottages"""
Wildish,Pescadero,CA,23-260A-09,"Pescadero, CA",Glamping resort,,,,,Harley Farms Goat Dairy,,,,"No Google candidate passed verification (exact business name or street number+street+city+state). Nearest result: ""Harley Farms Goat Dairy"""
Willow Creek RV Park,Franklin,NC,ARG-willow-creek-rv-park-franklin-nc-nc,"Franklin, NC",RV Resort,,,,,Willow Creek Motor Coach Est,,,,"No Google candidate passed verification (exact business name or street number+street+city+state). Nearest result: ""Willow Creek Motor Coach Est"""
Windemere Cove RV Resort,Langston,AL,21-224A-08,"Langston, AL",RV Resort,,,,,Windemere Cove,,,,"No Google candidate passed verification (exact business name or street number+street+city+state). Nearest result: ""Windemere Cove"""
Winslow East RV Resort,Winslow,AZ,23-276A-11,"Winslow, AZ",RV Resort,,,,,Take It Easy RV Park,,,,"No Google candidate passed verification (exact business name or street number+street+city+state). Nearest result: ""Take It Easy RV Park"""
with access to ATV trails. The proposed o,Bluefield,WV,25-123A-02,"Bluefield, WV",Glamping resort,,,,,,,,,Skipped Google lookup — property name looks like bad import or non-property
with proximity to Joshua Tree National Pa,Joshua Tree,CA,25-306A-09,"Joshua Tree, CA",Glamping resort,,,,,,,,,Skipped Google lookup — property name looks like bad import or non-property
Woodstock Pines Glamping Resort,Bethel,NY,23-158A-04,"Bethel, NY",Glamping resort,,,,,Domes At Catskills,,,,"No Google candidate passed verification (exact business name or street number+street+city+state). Nearest result: ""Domes At Catskills"""
Yogi Bear's Jellystone Park,Monticello,IA,21-131A-04,"Monticello, IA",RV Resort,,,,,Jellystone Park™ Monticello,,,,"No Google candidate passed verification (exact business name or street number+street+city+state). Nearest result: ""Jellystone Park™ Monticello"""
Zephyr Cove Resort & Marina,Lake Tahoe,NV,23-109A-01,"Lake Tahoe, NV",RV Resort,,,,,Zephyr Cove Resort,,,,"No Google candidate passed verification (exact business name or street number+street+city+state). Nearest result: ""Zephyr Cove Resort"""