flag,id,property_name,city,state,country,lat,lon,resolved_state,resolved_country,detail
missing_coords,10848,El Cosmico,Marfa,TX,USA,,,TX,US,lat or lon missing
unknown_state,19,Nativus Glamping & Cenote,Tulum,Quintana Roo,Mexico,20.1599,-87.4653,,MX,"unrecognized state value ""Quintana Roo"""
unknown_state,24,Gypsy Canyon Baja,Todos Santos,Baja California Sur,Mexico,23.4489,-110.2231,,MX,"unrecognized state value ""Baja California Sur"""
unknown_state,25,Cocolia Hotel,Mazunte,Oaxaca,Mexico,15.6649,-96.5538,,MX,"unrecognized state value ""Oaxaca"""
unknown_state,28,PalMar Tent Lodge,Isla Holbox,Quintana Roo,Mexico,21.5218,-87.3727,,MX,"unrecognized state value ""Quintana Roo"""
unknown_state,30,Cabañas Tulum,Tulum,Quintana Roo,Mexico,20.1546,-87.4653,,MX,"unrecognized state value ""Quintana Roo"""
unknown_state,49,Treehouse Village Tulum,Tulum,Quintana Roo,Mexico,20.1234,-87.4567,,MX,"unrecognized state value ""Quintana Roo"""
unknown_state,50,Selva Treehouse Retreat,Playa del Carmen,Quintana Roo,Mexico,20.6543,-87.1234,,MX,"unrecognized state value ""Quintana Roo"""
unknown_state,54,Tropical Treehouse Haven,Cozumel,Quintana Roo,Mexico,20.4321,-86.8765,,MX,"unrecognized state value ""Quintana Roo"""
unknown_state,57,San Cristóbal Treehouse Retreat,San Cristóbal de las Casas,Chiapas,Mexico,16.7378,-92.6376,,MX,"unrecognized state value ""Chiapas"""
missing_coords,10855,Blue Sky Center,New Cuyama,CA,USA,,,CA,US,lat or lon missing
unknown_state,61,Nayarit Treehouse Resort,Sayulita,Nayarit,Mexico,20.8687,-105.4405,,MX,"unrecognized state value ""Nayarit"""
unknown_state,62,Baja California Treehouse Retreat,Todos Santos,Baja California Sur,Mexico,23.4467,-110.2234,,MX,"unrecognized state value ""Baja California Sur"""
missing_coords,11432,Camp LeConte Luxury Outdoor Resort,Gatlinburg,TN,USA,,,TN,US,lat or lon missing
missing_coords,10857,Wylder Hope Valley,Hope Valley,CA,USA,,,CA,US,lat or lon missing
unknown_state,82,Eco Treehouse Resort,San Cristóbal de las Casas,Chiapas,Mexico,16.123456,-92.123456,,MX,"unrecognized state value ""Chiapas"""
unknown_state,84,Sierra Madre Treehouse Resort,Mazunte,Oaxaca,Mexico,15.123456,-96.123456,,MX,"unrecognized state value ""Oaxaca"""
unknown_state,99,Jungle Glamping Retreat,Tulum,Quintana Roo,Mexico,20.234567,-87.234567,,MX,"unrecognized state value ""Quintana Roo"""
unknown_state,106,Riviera Glamping Paradise,Akumal,Quintana Roo,Mexico,20.789012,-87.789012,,MX,"unrecognized state value ""Quintana Roo"""
unknown_state,107,Oaxaca Nature Retreat,San José del Pacífico,Oaxaca,Mexico,16.123456,-96.789012,,MX,"unrecognized state value ""Oaxaca"""
unknown_state,125,Yurt Haven San Cristobal,San Cristobal de las Casas,Chiapas,Mexico,16.123456,-92.123456,,MX,"unrecognized state value ""Chiapas"""
unknown_state,123,Oaxaca Yurt Retreat,Oaxaca,Oaxaca,Mexico,17.123456,-96.123456,,MX,"unrecognized state value ""Oaxaca"""
unknown_state,157,Hobbit Hills Eco Resort,Valle de Bravo,Estado de México,Mexico,19.1927,-100.131,,MX,"unrecognized state value ""Estado de México"""
missing_coords,10845,Camp Rockaway,Rockaway Beach,NY,USA,,,NY,US,lat or lon missing
missing_coords,11434,Sweet Springs Glamping,Oakland,MD,USA,,,MD,US,lat or lon missing
unknown_state,201,Hotel Escondido,Puerto Escondido,Oaxaca,Mexico,15.9205,-97.1687,,MX,"unrecognized state value ""Oaxaca"""
missing_coords,10844,Shawnee Inn & Golf Resort,Shawnee on Delaware,PA,USA,,,PA,US,lat or lon missing
unknown_state,222,Mukan Resort,Sian Ka'an Biosphere,Quintana Roo,Mexico,19.952,-87.489,,MX,"unrecognized state value ""Quintana Roo"""
unknown_state,11014,Mosel Glamping,Traben-Trarbach,Rhineland-Palatinate,Germany,49.9486,7.1166,,,"unrecognized state value ""Rhineland-Palatinate"""
unknown_state,21,CuatroCuatros,Ensenada,Baja California,Mexico,31.8362,-116.6426,,MX,"unrecognized state value ""Baja California"""
unknown_state,23,Yum Balam,Holbox,Quintana Roo,Mexico,21.5218,-87.3727,,MX,"unrecognized state value ""Quintana Roo"""
unknown_state,27,Acre Baja,San José del Cabo,Baja California Sur,Mexico,23.0696,-109.7314,,MX,"unrecognized state value ""Baja California Sur"""
unknown_state,220,Xinalani Retreat,Puerto Vallarta,Jalisco,Mexico,20.5363,-105.324,,MX,"unrecognized state value ""Jalisco"""
unknown_state,11149,Reserva Alecrim EcoSuite & Glamping,Santiago do Cacém,Alentejo,Portugal,38.0064,-8.6952,,,"unrecognized state value ""Alentejo"""
unknown_state,51,Oaxaca Treehouse Getaway,Oaxaca,Oaxaca,Mexico,17.1234,-96.5678,,MX,"unrecognized state value ""Oaxaca"""
unknown_state,11268,Wild Wellingtons Glamping,Llanidloes,Powys,United Kingdom,52.4848,-3.5485,,,"unrecognized state value ""Powys"""
unknown_state,55,Yucatán Treehouse Lodge,Valladolid,Yucatán,Mexico,20.9876,-88.1234,,MX,"unrecognized state value ""Yucatán"""
unknown_state,26,Treehouse Cozumel,Cozumel,Quintana Roo,Mexico,20.4229,-86.9223,,MX,"unrecognized state value ""Quintana Roo"""
unknown_state,10963,Your Nature,Antoing,Wallonia,Belgium,50.5634,3.4467,,,"unrecognized state value ""Wallonia"""
unknown_state,77,Treehouse Lodge Tulum,Tulum,Quintana Roo,Mexico,20.123456,-87.123456,,MX,"unrecognized state value ""Quintana Roo"""
unknown_state,11077,Sextantio Le Grotte della Civita,Matera,Basilicata,Italy,40.6653,16.6116,,,"unrecognized state value ""Basilicata"""
missing_coords,10850,Pinecone Treehouse,Bonny Doon,CA,USA,,,CA,US,lat or lon missing
missing_coords,10854,Pool Ranch,Borrego Springs,CA,USA,,,CA,US,lat or lon missing
missing_coords,10851,Treehouse in Vineyard,Los Gatos,CA,USA,,,CA,US,lat or lon missing
unknown_state,105,Mayan Jungle Camp,Tulum,Quintana Roo,Mexico,20.456789,-87.456789,,MX,"unrecognized state value ""Quintana Roo"""
missing_coords,10852,Spartan Trailer,Arroyo Grande,CA,USA,,,CA,US,lat or lon missing
unknown_state,200,Zoa Hotel,Mazunte,Oaxaca,Mexico,15.6645,-96.5538,,MX,"unrecognized state value ""Oaxaca"""
unknown_state,203,Cuixmala,La Huerta,Jalisco,Mexico,19.4872,-104.9864,,MX,"unrecognized state value ""Jalisco"""
unknown_state,78,Jungle Treehouse Retreat,Playa del Carmen,Quintana Roo,Mexico,20.654321,-87.654321,,MX,"unrecognized state value ""Quintana Roo"""
unknown_state,11011,Tented Village Glamping Schwarzwald,Baden-Baden,Baden-Württemberg,Germany,48.7596,8.2398,,,"unrecognized state value ""Baden-Württemberg"""
unknown_state,219,Banyan Tree Mayakoba,Playa del Carmen,Quintana Roo,Mexico,20.6843,-87.02,,MX,"unrecognized state value ""Quintana Roo"""
unknown_state,79,Oaxaca Treehouse Village,Oaxaca City,Oaxaca,Mexico,17.123456,-96.123456,,MX,"unrecognized state value ""Oaxaca"""
unknown_state,11248,Wildflower Wood Yurts,St. Kew,Cornwall,United Kingdom,50.55,-4.8,,,"unrecognized state value ""Cornwall"""
unknown_state,20,Serenity Eco Luxury Tented Camp,Xpu-Ha,Quintana Roo,Mexico,20.4689,-87.2765,,MX,"unrecognized state value ""Quintana Roo"""
unknown_state,139,Akumal Natura Glamping,Akumal,Quintana Roo,Mexico,20.3996,-87.3076,,MX,"unrecognized state value ""Quintana Roo"""
unknown_state,29,La Ventana Glamping,La Ventana,Baja California Sur,Mexico,24.0444,-109.9854,,MX,"unrecognized state value ""Baja California Sur"""
unknown_state,175,Baja Airstream Experience,La Paz,Baja California Sur,Mexico,24.1234,-110.4567,,MX,"unrecognized state value ""Baja California Sur"""
unknown_state,52,Riviera Maya Treehouse Resort,Akumal,Quintana Roo,Mexico,20.3456,-87.6789,,MX,"unrecognized state value ""Quintana Roo"""
unknown_state,53,Jungle Treehouse Escape,Puerto Morelos,Quintana Roo,Mexico,20.8765,-86.5432,,MX,"unrecognized state value ""Quintana Roo"""
unknown_state,59,Puebla Treehouse Escape,Puebla,Puebla,Mexico,19.0345,-97.8765,,MX,"unrecognized state value ""Puebla"""
unknown_state,58,Veracruz Treehouse Resort,Veracruz,Veracruz,Mexico,19.1738,-96.1345,,MX,"unrecognized state value ""Veracruz"""
unknown_state,60,Guerrero Treehouse Getaway,Zihuatanejo,Guerrero,Mexico,17.6438,-101.5543,,MX,"unrecognized state value ""Guerrero"""
unknown_state,56,Mazunte Treehouse Paradise,Mazunte,Oaxaca,Mexico,15.6701,-96.5543,,MX,"unrecognized state value ""Oaxaca"""
unknown_state,80,Riviera Maya Treehouse Resort,Puerto Morelos,Quintana Roo,Mexico,20.987654,-87.987654,,MX,"unrecognized state value ""Quintana Roo"""
unknown_state,81,Tulum Treehouse Escape,Tulum,Quintana Roo,Mexico,20.876543,-87.876543,,MX,"unrecognized state value ""Quintana Roo"""
unknown_state,85,Tropical Treehouse Haven,Holbox,Quintana Roo,Mexico,21.123456,-87.123456,,MX,"unrecognized state value ""Quintana Roo"""
unknown_state,86,Yucatán Jungle Treehouses,Valladolid,Yucatán,Mexico,20.987654,-88.987654,,MX,"unrecognized state value ""Yucatán"""
unknown_state,83,Jungle Canopy Treehouses,Bacalar,Quintana Roo,Mexico,18.123456,-88.123456,,MX,"unrecognized state value ""Quintana Roo"""
unknown_state,103,Tulum Jungle Tents,Tulum,Quintana Roo,Mexico,20.345678,-87.345678,,MX,"unrecognized state value ""Quintana Roo"""
unknown_state,100,Oaxaca Safari Haven,Oaxaca,Oaxaca,Mexico,17.123456,-96.123456,,MX,"unrecognized state value ""Oaxaca"""
unknown_state,102,Eco Safari Tents,Puerto Escondido,Oaxaca,Mexico,15.123456,-97.123456,,MX,"unrecognized state value ""Oaxaca"""
unknown_state,104,Pacific Coast Glamping,Mazunte,Oaxaca,Mexico,15.678901,-96.678901,,MX,"unrecognized state value ""Oaxaca"""
unknown_state,11147,Nature Lodge,Aljezur,Algarve,Portugal,37.3191,-8.8037,,,"unrecognized state value ""Algarve"""
unknown_state,138,Holistika Tulum,Tulum,Quintana Roo,Mexico,20.1926,-87.4635,,MX,"unrecognized state value ""Quintana Roo"""
unknown_state,11127,Trekkershutten de Weerd,Maasbommel,Gelderland,Netherlands,51.8397,5.5383,,,"unrecognized state value ""Gelderland"""
unknown_state,124,Riviera Maya Yurt Camp,Playa del Carmen,Quintana Roo,Mexico,20.654321,-87.654321,,MX,"unrecognized state value ""Quintana Roo"""
unknown_state,126,Yurt Village Bacalar,Bacalar,Quintana Roo,Mexico,18.123456,-88.123456,,MX,"unrecognized state value ""Quintana Roo"""
unknown_state,159,Hobbit Haven Eco Village,Mazunte,Oaxaca,Mexico,15.664,-96.553,,MX,"unrecognized state value ""Oaxaca"""
unknown_state,140,Monte Uzulu,San Agustinillo,Oaxaca,Mexico,15.6646,-96.5565,,MX,"unrecognized state value ""Oaxaca"""
unknown_state,141,Zenses Wellness and Yoga Resort,Tulum,Quintana Roo,Mexico,20.2107,-87.4658,,MX,"unrecognized state value ""Quintana Roo"""
unknown_state,142,Palmaïa - The House of AïA,Playa del Carmen,Quintana Roo,Mexico,20.6013,-87.0914,,MX,"unrecognized state value ""Quintana Roo"""
unknown_state,153,Hobbiton Hideaway,Tulum,Quintana Roo,Mexico,20.2115,-87.4655,,MX,"unrecognized state value ""Quintana Roo"""
unknown_state,154,Enchanted Earth Retreat,Playa del Carmen,Quintana Roo,Mexico,20.6274,-87.0799,,MX,"unrecognized state value ""Quintana Roo"""
unknown_state,155,Riviera Hobbit Resort,Puerto Morelos,Quintana Roo,Mexico,20.8409,-86.8871,,MX,"unrecognized state value ""Quintana Roo"""
unknown_state,158,Cave of Wonders,San Miguel de Allende,Guanajuato,Mexico,20.914,-100.743,,MX,"unrecognized state value ""Guanajuato"""
unknown_state,160,Hobbit Hillside Retreat,Zacatlán,Puebla,Mexico,19.933,-97.963,,MX,"unrecognized state value ""Puebla"""
unknown_state,161,Hobbit Hideaway,Tepoztlán,Morelos,Mexico,18.984,-99.092,,MX,"unrecognized state value ""Morelos"""
unknown_state,156,Magic Hobbit Village,San Cristóbal de las Casas,Chiapas,Mexico,16.737,-92.637,,MX,"unrecognized state value ""Chiapas"""
unknown_state,11245,Eco Retreats,Machynlleth,Powys,United Kingdom,52.6298,-3.8505,,,"unrecognized state value ""Powys"""
unknown_state,176,Riviera Maya Airstream Retreat,Playa del Carmen,Quintana Roo,Mexico,20.6543,-87.1234,,MX,"unrecognized state value ""Quintana Roo"""
unknown_state,177,Airstream Haven Baja,Cabo San Lucas,Baja California Sur,Mexico,22.8905,-109.9167,,MX,"unrecognized state value ""Baja California Sur"""
unknown_state,197,Papaya Playa Project,Tulum,Quintana Roo,Mexico,20.1876,-87.4572,,MX,"unrecognized state value ""Quintana Roo"""
unknown_state,202,Xinalani Retreat,Puerto Vallarta,Jalisco,Mexico,20.5369,-105.3188,,MX,"unrecognized state value ""Jalisco"""
unknown_state,199,Casa Hormiga,Bacalar,Quintana Roo,Mexico,18.6743,-88.3974,,MX,"unrecognized state value ""Quintana Roo"""
unknown_state,218,Playa Viva,Juluchuca,Guerrero,Mexico,17.5139,-101.2686,,MX,"unrecognized state value ""Guerrero"""
unknown_state,223,Chablé Maroma,Playa del Carmen,Quintana Roo,Mexico,20.745,-86.972,,MX,"unrecognized state value ""Quintana Roo"""
unknown_state,225,Rosewood Mayakoba,Playa del Carmen,Quintana Roo,Mexico,20.6843,-87.02,,MX,"unrecognized state value ""Quintana Roo"""
unknown_state,11194,Glamping Airstream,Boltaña,Aragon,Spain,42.4511,0.0746,,,"unrecognized state value ""Aragon"""
unknown_state,101,Riviera Maya Glamping,Playa del Carmen,Quintana Roo,Mexico,20.56789,-87.56789,,MX,"unrecognized state value ""Quintana Roo"""
unknown_state,11094,Molecaten Park Wijde Blick,Renesse,Zeeland,Netherlands,51.734,3.781,,,"unrecognized state value ""Zeeland"""
unknown_state,22,Nomade Tulum,Tulum,Quintana Roo,Mexico,20.1599,-87.4653,,MX,"unrecognized state value ""Quintana Roo"""
unknown_state,198,Playa Viva,Petatlán,Guerrero,Mexico,17.5111,-101.4381,,MX,"unrecognized state value ""Guerrero"""
unknown_state,11227,Camping Monte Generoso,Melano,Ticino,Switzerland,45.9281,8.9823,,,"unrecognized state value ""Ticino"""
unknown_state,11208,Whitepod Eco-Luxury Hotel,Monthey,Valais,Switzerland,46.2345,6.9471,,,"unrecognized state value ""Valais"""
unknown_state,11079,Ecolodge Langhe,Cherasco,Piedmont,Italy,44.6509,7.8513,,,"unrecognized state value ""Piedmont"""
unknown_state,224,Viceroy Riviera Maya,Playa del Carmen,Quintana Roo,Mexico,20.6843,-87.02,,MX,"unrecognized state value ""Quintana Roo"""
unknown_state,221,Hotel Escondido,Puerto Escondido,Oaxaca,Mexico,15.877,-97.082,,MX,"unrecognized state value ""Oaxaca"""
missing_coords,10994,Slow Cabins,Various locations,Flanders,Belgium,,,,,lat or lon missing
unknown_state,11050,Norcenni Girasole Club,Figline Valdarno,Tuscany,Italy,43.6204,11.4412,,,"unrecognized state value ""Tuscany"""
unknown_state,11137,Soul Glamping,Lagos,Algarve,Portugal,37.1028,-8.6742,,,"unrecognized state value ""Algarve"""
unknown_state,11168,Ohai Nazaré Outdoor Resort,Nazaré,Leiria,Portugal,39.6172,-9.07,,,"unrecognized state value ""Leiria"""
unknown_state,11046,Orlando in Chianti Glamping Resort,Cavriglia,Tuscany,Italy,43.5419,11.4574,,,"unrecognized state value ""Tuscany"""
unknown_state,11125,Domein Groot Besselink,Bronkhorst,Gelderland,Netherlands,52.0816,6.1652,,,"unrecognized state value ""Gelderland"""
unknown_state,11161,O Homem Verde,Odemira,Alentejo,Portugal,37.598,-8.6325,,,"unrecognized state value ""Alentejo"""
unknown_state,11199,Elqui Domos,Pisco Elqui,Valencian Community,Spain,39.4699,-0.3763,,,"unrecognized state value ""Valencian Community"""
unknown_state,11204,Dreamsea Glamping,Pals,Catalonia,Spain,41.9881,3.1917,,,"unrecognized state value ""Catalonia"""
unknown_state,11162,Sublime Comporta,Comporta,Alentejo,Portugal,38.3695,-8.7854,,,"unrecognized state value ""Alentejo"""
unknown_state,11159,Terra Nostra Garden Hotel,Furnas,Azores,Portugal,37.772,-25.3117,,,"unrecognized state value ""Azores"""
unknown_state,11250,Kudhva,Tintagel,Cornwall,United Kingdom,50.6683,-4.7495,,,"unrecognized state value ""Cornwall"""
unknown_state,11270,Swinton Bivouac,Masham,North Yorkshire,United Kingdom,54.2215,-1.6967,,,"unrecognized state value ""North Yorkshire"""
missing_coords,10853,Bohemian Bus,Ojai,CA,USA,,,CA,US,lat or lon missing
unknown_state,11215,Glamping Flims,Flims,Graubünden,Switzerland,46.8333,9.2833,,,"unrecognized state value ""Graubünden"""
unknown_state,11294,The Secret Yurts,Welshpool,Powys,United Kingdom,52.6508,-3.3402,,,"unrecognized state value ""Powys"""
unknown_state,10961,Nutchel Cosy Cabins,Martelange,Wallonia,Belgium,49.8328,5.7334,,,"unrecognized state value ""Wallonia"""
unknown_state,10968,Glamping de la Baraque,Vielsalm,Wallonia,Belgium,50.2721,5.7359,,,"unrecognized state value ""Wallonia"""
unknown_state,10971,Ecochique Glamping,Lommel,Flanders,Belgium,51.2306,5.3094,,,"unrecognized state value ""Flanders"""
unknown_state,11188,Luxury Yurt Camp Mallorca,Algaida,Balearic Islands,Spain,39.5626,2.8919,,,"unrecognized state value ""Balearic Islands"""
unknown_state,11239,TCS Camping Bern - Eymatt,Bern,Bern,Switzerland,46.9731,7.4175,,,"unrecognized state value ""Bern"""
unknown_state,11123,Yurt Village,Lemele,Overijssel,Netherlands,52.4567,6.4167,,,"unrecognized state value ""Overijssel"""
unknown_state,11264,The Tree Howf,Dunblane,Stirling,United Kingdom,56.2742,-3.8901,,,"unrecognized state value ""Stirling"""
unknown_state,11216,Sleeping Pods at Lake Thun,Thun,Bern,Switzerland,46.7219,7.6208,,,"unrecognized state value ""Bern"""
unknown_state,11213,Glamping Hub Switzerland,Interlaken,Bern,Switzerland,46.6863,7.8632,,,"unrecognized state value ""Bern"""
unknown_state,11278,Hedgerow Luxury Glamping,Axminster,Devon,United Kingdom,50.775,-2.9997,,,"unrecognized state value ""Devon"""
unknown_state,11115,Yurtlife,Vinkeveen,Utrecht,Netherlands,52.2323,4.9618,,,"unrecognized state value ""Utrecht"""
unknown_state,11170,Glamping Airstream Las Cabañitas,Cabanillas del Campo,Castilla-La Mancha,Spain,40.6373,-3.2034,,,"unrecognized state value ""Castilla-La Mancha"""
unknown_state,11242,The Treehouse at Harptree Court,Bristol,Somerset,United Kingdom,51.2922,-2.6244,,,"unrecognized state value ""Somerset"""
unknown_state,11251,YHA Eden Project,Bodelva,Cornwall,United Kingdom,50.3619,-4.7425,,,"unrecognized state value ""Cornwall"""
unknown_state,11150,Quinta de Casaldronho Wine Hotel,Lamego,Douro,Portugal,41.1662,-7.7821,,,"unrecognized state value ""Douro"""
unknown_state,11183,Finca Les Coves,Jijona,Valencian Community,Spain,38.5403,-0.5031,,,"unrecognized state value ""Valencian Community"""
unknown_state,11106,Vlotkamp,Rotterdam,South Holland,Netherlands,51.9244,4.4777,,,"unrecognized state value ""South Holland"""
unknown_state,11295,Glamping at the Fir Hill,Newquay,Cornwall,United Kingdom,50.4081,-5.0123,,,"unrecognized state value ""Cornwall"""
unknown_state,11210,Sleep in a Bubble,Thun,Bern,Switzerland,46.7282,7.6201,,,"unrecognized state value ""Bern"""
unknown_state,11205,Masia La Vileta,Sant Pere de Torelló,Catalonia,Spain,42.0589,2.3379,,,"unrecognized state value ""Catalonia"""
unknown_state,11257,The Fish Hotel,Broadway,Worcestershire,United Kingdom,52.0351,-1.8388,,,"unrecognized state value ""Worcestershire"""
unknown_state,11108,Domein Holset,Lemiers,Limburg,Netherlands,50.7792,5.9871,,,"unrecognized state value ""Limburg"""
unknown_state,11148,Oasis Nature Lodge,Vila Nova de Cerveira,Viana do Castelo,Portugal,41.9357,-8.7424,,,"unrecognized state value ""Viana do Castelo"""
unknown_state,11256,Glampotel Bracks Farm,Durham,County Durham,United Kingdom,54.65,-1.6768,,,"unrecognized state value ""County Durham"""
unknown_state,11243,The Dome Garden,Coleford,Gloucestershire,United Kingdom,51.8128,-2.6157,,,"unrecognized state value ""Gloucestershire"""
unknown_state,11275,Loveland Farm,Hartland,Devon,United Kingdom,51.0105,-4.4979,,,"unrecognized state value ""Devon"""
unknown_state,11058,Dolomiti Village,Comeglians,Friuli-Venezia Giulia,Italy,46.5283,12.8608,,,"unrecognized state value ""Friuli-Venezia Giulia"""
unknown_state,11069,Etnalodge,Zafferana Etnea,Sicily,Italy,37.6983,15.0919,,,"unrecognized state value ""Sicily"""
unknown_state,11272,Camp Kátur,Bedale,North Yorkshire,United Kingdom,54.25,-1.513,,,"unrecognized state value ""North Yorkshire"""
unknown_state,11054,Il Giardino di Prainito,Levanto,Liguria,Italy,44.1667,9.6167,,,"unrecognized state value ""Liguria"""
unknown_state,11026,Camping am Bauernhof,Riedenburg,Bavaria,Germany,48.9306,11.6844,,,"unrecognized state value ""Bavaria"""
unknown_state,11072,Le Pianore,Monticello Amiata,Tuscany,Italy,42.9063,11.4707,,,"unrecognized state value ""Tuscany"""
unknown_state,11040,Bavarian Forest Holidays,Regen,Bavaria,Germany,48.9704,13.1287,,,"unrecognized state value ""Bavaria"""
unknown_state,11222,Alpine Lodge Trübsee,Engelberg,Obwalden,Switzerland,46.7705,8.3833,,,"unrecognized state value ""Obwalden"""
unknown_state,11184,Cabanes Dosrius,Dosrius,Catalonia,Spain,41.6062,2.4213,,,"unrecognized state value ""Catalonia"""
unknown_state,11065,Cala Gonone Treehouse Glamping,Dorgali,Sardinia,Italy,40.2877,9.6285,,,"unrecognized state value ""Sardinia"""
unknown_state,11008,Allgäu Glamping,Immenstadt,Bavaria,Germany,47.5586,10.2116,,,"unrecognized state value ""Bavaria"""
unknown_state,11003,Baumhaushotel Oberbayern,Jetzendorf,Bavaria,Germany,48.4547,11.4243,,,"unrecognized state value ""Bavaria"""
unknown_state,11030,Allgäu Hütten,Immenstadt,Bavaria,Germany,47.5584,10.2115,,,"unrecognized state value ""Bavaria"""
unknown_state,11276,Cuckoo Down Farm,Ottery St Mary,Devon,United Kingdom,50.7422,-3.2677,,,"unrecognized state value ""Devon"""
unknown_state,11109,Buitenplaats Geul & Maas,Valkenburg,Limburg,Netherlands,50.8583,5.8256,,,"unrecognized state value ""Limburg"""
unknown_state,11202,Cabañas de Lires,Cee,Galicia,Spain,42.9547,-9.1683,,,"unrecognized state value ""Galicia"""
unknown_state,11299,Bamff Ecotourism,Alyth,Perthshire,United Kingdom,56.6353,-3.272,,,"unrecognized state value ""Perthshire"""
unknown_state,11071,Borgo di Carpiano,Gubbio,Umbria,Italy,43.3375,12.5403,,,"unrecognized state value ""Umbria"""
unknown_state,11141,Casa do Lago,Monchique,Algarve,Portugal,37.3085,-8.5585,,,"unrecognized state value ""Algarve"""
unknown_state,11000,Baumhaushotel Seemühle,Gräfendorf,Bavaria,Germany,50.1185,9.7001,,,"unrecognized state value ""Bavaria"""
unknown_state,10973,B&B Glamping De Bosbeekpoort,Bree,Flanders,Belgium,51.1412,5.6013,,,"unrecognized state value ""Flanders"""
unknown_state,11022,Campingplatz Am Nordseestrand,Neuharlingersiel,Lower Saxony,Germany,53.7004,7.7172,,,"unrecognized state value ""Lower Saxony"""
unknown_state,11267,Glamping at Hollybush,Hay-on-Wye,Powys,United Kingdom,52.0739,-3.1581,,,"unrecognized state value ""Powys"""
unknown_state,11197,Alpujarra Camping,Laroles,Andalusia,Spain,37.0226,-3.0589,,,"unrecognized state value ""Andalusia"""
unknown_state,11157,Azul Singular,Horta,Azores,Portugal,38.5731,-28.7006,,,"unrecognized state value ""Azores"""
unknown_state,10969,Camping Le Val de l'Aisne,Blier,Wallonia,Belgium,50.2812,5.5634,,,"unrecognized state value ""Wallonia"""
unknown_state,10995,Adventure Valley Durbuy,Durbuy,Wallonia,Belgium,50.3498,5.4706,,,"unrecognized state value ""Wallonia"""
unknown_state,11200,Cloud House Farm,Genalguacil,Andalusia,Spain,36.5483,-5.2601,,,"unrecognized state value ""Andalusia"""
unknown_state,11289,Forest Garden Shovelstrode,East Grinstead,West Sussex,United Kingdom,51.1047,-0.0335,,,"unrecognized state value ""West Sussex"""
unknown_state,11224,Camping Aaregg,Brienz,Bern,Switzerland,46.7543,8.0372,,,"unrecognized state value ""Bern"""
unknown_state,11211,Camping Arolla,Arolla,Valais,Switzerland,46.0236,7.4922,,,"unrecognized state value ""Valais"""
missing_coords,10846,Headwaters Jupiter,Jupiter,FL,USA,,,FL,US,lat or lon missing
unknown_state,10989,Camping de la Semois,Florenville,Wallonia,Belgium,49.8,5.3167,,,"unrecognized state value ""Wallonia"""
unknown_state,11293,Glamping at Long Valley Yurts,Windermere,Cumbria,United Kingdom,54.4492,-3.0876,,,"unrecognized state value ""Cumbria"""
missing_coords,10849,Waldhaus Retreat,La Honda,CA,USA,,,CA,US,lat or lon missing
unknown_state,11258,Campden Yurts,Chipping Campden,Gloucestershire,United Kingdom,52.0486,-1.7828,,,"unrecognized state value ""Gloucestershire"""
unknown_state,11053,Camping Valdeiva,Deiva Marina,Liguria,Italy,44.2108,9.5091,,,"unrecognized state value ""Liguria"""
unknown_state,11249,Cornish Tipi Holidays,Pendoggett,Cornwall,United Kingdom,50.5644,-4.7917,,,"unrecognized state value ""Cornwall"""
unknown_state,11207,Camping Monte Holiday,Gargantilla del Lozoya,Community of Madrid,Spain,40.95,-3.75,,,"unrecognized state value ""Community of Madrid"""
unknown_state,11063,Capo Ferro Glamping,Porto Cervo,Sardinia,Italy,41.1211,9.5215,,,"unrecognized state value ""Sardinia"""
unknown_state,11102,Glamping Achterhoek,Vorden,Gelderland,Netherlands,52.1092,6.3125,,,"unrecognized state value ""Gelderland"""
unknown_state,11007,Bavaria Glamping Resort,Bad Endorf,Bavaria,Germany,47.9116,12.3058,,,"unrecognized state value ""Bavaria"""
unknown_state,11083,De Wije Werelt,Otterlo,Gelderland,Netherlands,52.0956,5.7643,,,"unrecognized state value ""Gelderland"""
unknown_state,11103,Glamp Outdoor Camp,Alkmaar,North Holland,Netherlands,52.6346,4.7517,,,"unrecognized state value ""North Holland"""
unknown_state,10983,Camping Les Murets,Hotton,Wallonia,Belgium,50.2676,5.4479,,,"unrecognized state value ""Wallonia"""
unknown_state,11182,Caserío del Mirador,Jalón,Valencian Community,Spain,38.7427,-0.0157,,,"unrecognized state value ""Valencian Community"""
unknown_state,11230,Camping Molignon,Les Haudères,Valais,Switzerland,46.0802,7.511,,,"unrecognized state value ""Valais"""
unknown_state,11174,Glamping Airstream Andalucía,Vejer de la Frontera,Andalusia,Spain,36.2533,-5.9678,,,"unrecognized state value ""Andalusia"""
unknown_state,11078,Glamping Pian delle Ginestre,Scansano,Tuscany,Italy,42.6556,11.3583,,,"unrecognized state value ""Tuscany"""
unknown_state,11076,Camping Village Montescudaio,Montescudaio,Tuscany,Italy,43.3146,10.5742,,,"unrecognized state value ""Tuscany"""
unknown_state,11195,Camping Orgiva,Órgiva,Andalusia,Spain,36.8894,-3.4224,,,"unrecognized state value ""Andalusia"""
unknown_state,11027,Abenteuerland,Walsrode,Lower Saxony,Germany,52.8662,9.5875,,,"unrecognized state value ""Lower Saxony"""
unknown_state,11104,Duinrell Holiday Park,Wassenaar,South Holland,Netherlands,52.1472,4.3836,,,"unrecognized state value ""South Holland"""
unknown_state,11262,Ecocamp Glenshee,Blairgowrie,Perthshire,United Kingdom,56.7524,-3.4296,,,"unrecognized state value ""Perthshire"""
unknown_state,11001,Camping Resort Allweglehen,Berchtesgaden,Bavaria,Germany,47.6266,13.0101,,,"unrecognized state value ""Bavaria"""
unknown_state,11075,Il Sole di Calenzano,Calenzano,Tuscany,Italy,43.9015,11.1868,,,"unrecognized state value ""Tuscany"""
unknown_state,11128,Eco Retreat Basecamp IJmuiden,IJmuiden,North Holland,Netherlands,52.4586,4.5933,,,"unrecognized state value ""North Holland"""
unknown_state,11288,Cornish Yurt Holidays,Penzance,Cornwall,United Kingdom,50.1485,-5.5823,,,"unrecognized state value ""Cornwall"""
unknown_state,11059,Caravan Park Sexten,Sesto,Trentino-Alto Adige,Italy,46.6908,12.3538,,,"unrecognized state value ""Trentino-Alto Adige"""
unknown_state,11173,Dreamsea Mediterranean Camp,Jávea,Valencian Community,Spain,38.7471,0.1976,,,"unrecognized state value ""Valencian Community"""
unknown_state,11223,Glamping Jungfrau,Lauterbrunnen,Bern,Switzerland,46.5931,7.9085,,,"unrecognized state value ""Bern"""
unknown_state,11292,Glampotel Dundas Castle,Edinburgh,Lothian,United Kingdom,55.9831,-3.4472,,,"unrecognized state value ""Lothian"""
unknown_state,11225,Glamping Hub Seelisberg,Seelisberg,Uri,Switzerland,46.9741,8.5823,,,"unrecognized state value ""Uri"""
unknown_state,11198,Glamping Airstreams,Vejer de la Frontera,Andalusia,Spain,36.2537,-5.9672,,,"unrecognized state value ""Andalusia"""
unknown_state,11228,Glamping Lago Maggiore,Maggia,Ticino,Switzerland,46.242,8.705,,,"unrecognized state value ""Ticino"""
unknown_state,11019,Camping- und Ferienpark Wulfener Hals,Fehmarn,Schleswig-Holstein,Germany,54.4174,11.1536,,,"unrecognized state value ""Schleswig-Holstein"""
unknown_state,11088,Domein Het Camperveer,Kamperland,Zeeland,Netherlands,51.5633,3.6958,,,"unrecognized state value ""Zeeland"""
unknown_state,11176,Dreamsea Surf Camp,Llanes,Asturias,Spain,43.4315,-4.8506,,,"unrecognized state value ""Asturias"""
unknown_state,11187,Glamping Ibiza,Sant Antoni de Portmany,Balearic Islands,Spain,38.9807,1.3036,,,"unrecognized state value ""Balearic Islands"""
unknown_state,11153,Glamping Sintra,Sintra,Lisbon,Portugal,38.7804,-9.3907,,,"unrecognized state value ""Lisbon"""
missing_coords,11241,Glampingly,Various Locations,Various,United Kingdom,,,,,lat or lon missing
unknown_state,10988,Glamping Resort Hoge Kempen,Maasmechelen,Flanders,Belgium,50.9833,5.6667,,,"unrecognized state value ""Flanders"""
unknown_state,11061,Agricampeggio Terra di Fuoco,Maiori,Campania,Italy,40.6494,14.6457,,,"unrecognized state value ""Campania"""
unknown_state,11143,Casa Tuia,Carvoeiro,Algarve,Portugal,37.1006,-8.4675,,,"unrecognized state value ""Algarve"""
unknown_state,11151,Douro41 Hotel & Spa,Castelo de Paiva,Douro,Portugal,41.0629,-8.2705,,,"unrecognized state value ""Douro"""
unknown_state,11296,Fforest,Cardigan,Ceredigion,United Kingdom,52.0646,-4.6368,,,"unrecognized state value ""Ceredigion"""
unknown_state,11265,Fforest Farm,Cardigan,Ceredigion,United Kingdom,52.0711,-4.6316,,,"unrecognized state value ""Ceredigion"""
unknown_state,11090,Glamping De Oever,Amsterdam,North Holland,Netherlands,52.3371,4.8711,,,"unrecognized state value ""North Holland"""
unknown_state,11169,Forest Days Glamping,Lladurs,Catalonia,Spain,42.0514,1.5587,,,"unrecognized state value ""Catalonia"""
unknown_state,11016,Mosel Yurt Village,Cochem,Rhineland-Palatinate,Germany,50.1456,7.1655,,,"unrecognized state value ""Rhineland-Palatinate"""
unknown_state,11098,Glamping Waterland,Nes,Friesland,Netherlands,53.3715,6.0486,,,"unrecognized state value ""Friesland"""
unknown_state,11020,Nordsee Glamping,Wangerland,Lower Saxony,Germany,53.6909,7.9358,,,"unrecognized state value ""Lower Saxony"""
unknown_state,11038,Naturcampingplatz am Springsee,Storkow,Brandenburg,Germany,52.233,14.058,,,"unrecognized state value ""Brandenburg"""
unknown_state,11203,La Donaira,Ronda,Andalusia,Spain,36.8303,-5.2769,,,"unrecognized state value ""Andalusia"""
unknown_state,11238,Glamping Resort Biosphäre Blatten,Blatten,Valais,Switzerland,46.3775,7.9926,,,"unrecognized state value ""Valais"""
unknown_state,10992,Nutchel Forest Camp,Martelange,Wallonia,Belgium,49.8084,5.7465,,,"unrecognized state value ""Wallonia"""
unknown_state,11255,Inside Out Camping,Keswick,Cumbria,United Kingdom,54.5241,-3.1503,,,"unrecognized state value ""Cumbria"""
unknown_state,11196,Lanjarón Eco Camping,Lanjarón,Andalusia,Spain,36.9181,-3.4825,,,"unrecognized state value ""Andalusia"""
missing_coords,11219,Million Stars Hotel,Various Locations,Various Cantons,Switzerland,,,,,lat or lon missing
unknown_state,11034,Natur-Resort Tripsdrill,Cleebronn,Baden-Württemberg,Germany,49.0525,9.0513,,,"unrecognized state value ""Baden-Württemberg"""
unknown_state,11244,Loch Ken Eco Bothies,Castle Douglas,Dumfries and Galloway,United Kingdom,55.0341,-4.0173,,,"unrecognized state value ""Dumfries and Galloway"""
unknown_state,11283,Happy Valley Norfolk,King's Lynn,Norfolk,United Kingdom,52.7711,0.5667,,,"unrecognized state value ""Norfolk"""
unknown_state,11024,Tree Inn,Dörverden,Lower Saxony,Germany,52.8562,9.2448,,,"unrecognized state value ""Lower Saxony"""
unknown_state,11271,Jollydays Glamping,York,North Yorkshire,United Kingdom,54.0064,-0.9053,,,"unrecognized state value ""North Yorkshire"""
unknown_state,11277,Yurtcamp Devon,Newton Abbot,Devon,United Kingdom,50.5747,-3.6791,,,"unrecognized state value ""Devon"""
unknown_state,10987,Treehouse Glamping by Slow Cabins,Brussels,Brussels,Belgium,50.8503,4.3517,,,"unrecognized state value ""Brussels"""
unknown_state,11052,La Francesca Resort,Bonassola,Liguria,Italy,44.1888,9.58,,,"unrecognized state value ""Liguria"""
unknown_state,11229,TCS Camping Lugano-Muzzano,Muzzano,Ticino,Switzerland,45.9915,8.9181,,,"unrecognized state value ""Ticino"""
unknown_state,11247,The Park at Mawgan Porth,Mawgan Porth,Cornwall,United Kingdom,50.4678,-5.0318,,,"unrecognized state value ""Cornwall"""
unknown_state,11032,Naturcamping Zwei Seen,Zislow,Mecklenburg-Vorpommern,Germany,53.4453,12.3492,,,"unrecognized state value ""Mecklenburg-Vorpommern"""
unknown_state,11154,Quinta M,Santarém,Ribatejo,Portugal,39.2333,-8.6867,,,"unrecognized state value ""Ribatejo"""
unknown_state,11160,Natura Glamping,Alcongosta,Castelo Branco,Portugal,40.1758,-7.4949,,,"unrecognized state value ""Castelo Branco"""
unknown_state,10978,Kustpark Nieuwpoort,Nieuwpoort,West Flanders,Belgium,51.1281,2.7381,,,"unrecognized state value ""West Flanders"""
unknown_state,11164,Zmar Eco Experience,Zambujeira do Mar,Alentejo,Portugal,37.6391,-8.7359,,,"unrecognized state value ""Alentejo"""
unknown_state,11095,Strandpark De Zeeuwse Kust,Noordwelle,Zeeland,Netherlands,51.7339,3.7819,,,"unrecognized state value ""Zeeland"""
unknown_state,11144,Quinta Alma,Aljezur,Algarve,Portugal,37.3063,-8.7941,,,"unrecognized state value ""Algarve"""
unknown_state,11140,Portugal Nature Lodge,Odemira,Alentejo,Portugal,37.6353,-8.6831,,,"unrecognized state value ""Alentejo"""
unknown_state,11253,Long Valley Yurts,Windermere,Cumbria,United Kingdom,54.4541,-3.0886,,,"unrecognized state value ""Cumbria"""
unknown_state,11261,Log House Holidays,Cirencester,Gloucestershire,United Kingdom,51.6683,-1.9902,,,"unrecognized state value ""Gloucestershire"""
unknown_state,11291,Safari Cornwall,St. Austell,Cornwall,United Kingdom,50.3394,-4.7919,,,"unrecognized state value ""Cornwall"""
unknown_state,11060,La Selva Giardino del Belvedere,Agerola,Campania,Italy,40.6405,14.5635,,,"unrecognized state value ""Campania"""
unknown_state,11282,West Lexham,King's Lynn,Norfolk,United Kingdom,52.7115,0.6939,,,"unrecognized state value ""Norfolk"""
unknown_state,10964,Warredal,Neeroeteren,Flanders,Belgium,51.0929,5.7246,,,"unrecognized state value ""Flanders"""
unknown_state,11280,Kelling Heath Holiday Park,Holt,Norfolk,United Kingdom,52.9349,1.1235,,,"unrecognized state value ""Norfolk"""
unknown_state,11122,Treelodge Veluwe,Putten,Gelderland,Netherlands,52.2603,5.6072,,,"unrecognized state value ""Gelderland"""
unknown_state,11220,TCS Camping Interlaken,Interlaken,Bern,Switzerland,46.6886,7.8632,,,"unrecognized state value ""Bern"""
unknown_state,11025,Rundlingsdorf Sagasfeld,Hitzacker,Lower Saxony,Germany,53.1101,10.9445,,,"unrecognized state value ""Lower Saxony"""
unknown_state,11145,Monte da Vilarinha,Bordeira,Algarve,Portugal,37.2051,-8.8612,,,"unrecognized state value ""Algarve"""
unknown_state,11111,Treehouse de Uil,Apeldoorn,Gelderland,Netherlands,52.2105,5.9699,,,"unrecognized state value ""Gelderland"""
unknown_state,11045,Vedetta Lodges,Scarlino,Tuscany,Italy,42.9113,10.8084,,,"unrecognized state value ""Tuscany"""
unknown_state,11212,Schwimmende Zelte,Gletterens,Fribourg,Switzerland,46.8833,6.9333,,,"unrecognized state value ""Fribourg"""
unknown_state,11089,Treelodge,Winterswijk,Gelderland,Netherlands,51.9725,6.7208,,,"unrecognized state value ""Gelderland"""
unknown_state,11287,Canopy & Stars at Crane 29,Bristol,Bristol,United Kingdom,51.4475,-2.5989,,,"unrecognized state value ""Bristol"""
unknown_state,11015,Nature Resort Mosel,Bernkastel-Kues,Rhineland-Palatinate,Germany,49.9117,7.0732,,,"unrecognized state value ""Rhineland-Palatinate"""
unknown_state,11300,Roulotte Retreat,Melrose,Scottish Borders,United Kingdom,55.5783,-2.7186,,,"unrecognized state value ""Scottish Borders"""
unknown_state,11236,Glamping Switzerland,Saanen,Bern,Switzerland,46.4891,7.2615,,,"unrecognized state value ""Bern"""
unknown_state,10985,Treelodge,Roeselare,West Flanders,Belgium,50.9481,3.1176,,,"unrecognized state value ""West Flanders"""
unknown_state,10984,Glamping De Lombarde,Damme,West Flanders,Belgium,51.2501,3.3127,,,"unrecognized state value ""West Flanders"""
unknown_state,11266,Under the Oak Glamping,Caerphilly,Caerphilly,United Kingdom,51.5906,-3.2154,,,"unrecognized state value ""Caerphilly"""
unknown_state,11066,Sardinia Safari Tents,Alghero,Sardinia,Italy,40.5577,8.3197,,,"unrecognized state value ""Sardinia"""
unknown_state,11004,Rügen Glamping,Lohme,Mecklenburg-Vorpommern,Germany,54.5833,13.5833,,,"unrecognized state value ""Mecklenburg-Vorpommern"""
unknown_state,11074,Treehouse Resort Il Giardino dei Semplici,Viterbo,Lazio,Italy,42.4207,12.1077,,,"unrecognized state value ""Lazio"""
unknown_state,11044,Torre Rinalda Beach Camping & Resort,Lecce,Apulia,Italy,40.4701,18.0635,,,"unrecognized state value ""Apulia"""
unknown_state,10977,La Cabane du Bois Dormant,Spa,Wallonia,Belgium,50.4921,5.8661,,,"unrecognized state value ""Wallonia"""
unknown_state,11009,Glamping Schwarzwald,Seebach,Baden-Württemberg,Germany,48.5856,8.1425,,,"unrecognized state value ""Baden-Württemberg"""
unknown_state,11049,Glamping Canonici di San Marco,Mirano,Veneto,Italy,45.4487,12.1082,,,"unrecognized state value ""Veneto"""
unknown_state,11206,Glamping Aventura Sierra de Gata,Gata,Extremadura,Spain,40.2,-6.65,,,"unrecognized state value ""Extremadura"""
unknown_state,10962,Treelodge Belgium,Peer,Limburg,Belgium,51.1303,5.4571,,,"unrecognized state value ""Limburg"""
unknown_state,11286,The Treehouse at Lanrick,Doune,Stirlingshire,United Kingdom,56.2049,-4.05,,,"unrecognized state value ""Stirlingshire"""
unknown_state,11039,Schlossgut Oberambach,Münsing,Bavaria,Germany,47.9027,11.3481,,,"unrecognized state value ""Bavaria"""
unknown_state,11231,Treehouse Cottages,Brienz,Bern,Switzerland,46.7395,8.0308,,,"unrecognized state value ""Bern"""
unknown_state,11279,Wild Luxury,Fakenham,Norfolk,United Kingdom,52.8374,0.8481,,,"unrecognized state value ""Norfolk"""
unknown_state,11285,Treehouse Retreats,Tenbury Wells,Worcestershire,United Kingdom,52.3124,-2.597,,,"unrecognized state value ""Worcestershire"""
unknown_state,11217,Glamping Suisse,Vernayaz,Valais,Switzerland,46.1353,7.0328,,,"unrecognized state value ""Valais"""
unknown_state,11193,Camping Bassegoda Park,Albanyà,Catalonia,Spain,42.3119,2.7351,,,"unrecognized state value ""Catalonia"""
unknown_state,11117,Glampingspot Safari Resort,Apeldoorn,Gelderland,Netherlands,52.21,5.9699,,,"unrecognized state value ""Gelderland"""
unknown_state,11167,Parque de Campismo de Foz do Arelho,Caldas da Rainha,Leiria,Portugal,39.4317,-9.2223,,,"unrecognized state value ""Leiria"""
unknown_state,11113,Boomhut XXL,Drouwen,Drenthe,Netherlands,52.9537,6.7849,,,"unrecognized state value ""Drenthe"""
unknown_state,11099,BoerenBed Hoeve Waterschap,Oude Willem,Friesland,Netherlands,52.9024,6.3337,,,"unrecognized state value ""Friesland"""
unknown_state,11021,Baumhaushotel Otterndorf,Otterndorf,Lower Saxony,Germany,53.8112,8.9019,,,"unrecognized state value ""Lower Saxony"""
unknown_state,11082,Glamp Outdoor Camp Veluwe,Hoenderloo,Gelderland,Netherlands,52.1286,5.8987,,,"unrecognized state value ""Gelderland"""
unknown_state,11234,TCS Camping Samedan,Samedan,Graubünden,Switzerland,46.5351,9.8754,,,"unrecognized state value ""Graubünden"""
unknown_state,10981,Treehouse Belgium,Bruges,West Flanders,Belgium,51.2093,3.2247,,,"unrecognized state value ""West Flanders"""
unknown_state,11023,Baumhaushotel Solling,Uslar,Lower Saxony,Germany,51.6566,9.6288,,,"unrecognized state value ""Lower Saxony"""
unknown_state,11010,Baumhaushotel Schwarzwald,Dunningen,Baden-Württemberg,Germany,48.2188,8.5476,,,"unrecognized state value ""Baden-Württemberg"""
unknown_state,10982,Glamping De Papaver,Alveringem,West Flanders,Belgium,51.0123,2.6754,,,"unrecognized state value ""West Flanders"""
unknown_state,10972,Glamping at Camping Siësta,Geel,Flanders,Belgium,51.15,4.9833,,,"unrecognized state value ""Flanders"""
unknown_state,11233,Glamping Grächen,Grächen,Valais,Switzerland,46.1954,7.8372,,,"unrecognized state value ""Valais"""
unknown_state,11073,Tenuta Poggio Rosso Glamping,Populonia,Tuscany,Italy,42.9868,10.5255,,,"unrecognized state value ""Tuscany"""
unknown_state,11175,Cabanes als Arbres,Sant Hilari Sacalm,Catalonia,Spain,41.8729,2.5053,,,"unrecognized state value ""Catalonia"""
unknown_state,11177,Camping La Ballena Alegre,Sant Pere Pescador,Catalonia,Spain,42.1911,3.1021,,,"unrecognized state value ""Catalonia"""
unknown_state,10966,Forest Glamping,Hamme-Mille,Wallonia,Belgium,50.7802,4.6841,,,"unrecognized state value ""Wallonia"""
unknown_state,11047,Agricampeggio Maddalena,Venafro,Molise,Italy,41.4888,14.0425,,,"unrecognized state value ""Molise"""
unknown_state,11185,Camping Lava,Santa Pau,Catalonia,Spain,42.1456,2.5408,,,"unrecognized state value ""Catalonia"""
unknown_state,11221,Camping Jungfrau,Lauterbrunnen,Bern,Switzerland,46.5941,7.9085,,,"unrecognized state value ""Bern"""
unknown_state,10960,Ecochique,Poperinge,West Flanders,Belgium,50.8534,2.7261,,,"unrecognized state value ""West Flanders"""
unknown_state,11070,Camping Scarabeo,Punta Braccetto,Sicily,Italy,36.8195,14.4723,,,"unrecognized state value ""Sicily"""
unknown_state,11180,Glamping Dehesa de las Yeguas,Puerto Real,Andalusia,Spain,36.5321,-6.1874,,,"unrecognized state value ""Andalusia"""
unknown_state,11028,Campingpark Gitzenweiler Hof,Lindau,Bavaria,Germany,47.5893,9.7086,,,"unrecognized state value ""Bavaria"""
unknown_state,11290,Longlands Glamping,Combe Martin,Devon,United Kingdom,51.1897,-4.0396,,,"unrecognized state value ""Devon"""
unknown_state,10991,Bivakboetiek,Lichtervelde,West Flanders,Belgium,51.0488,3.1462,,,"unrecognized state value ""West Flanders"""
unknown_state,11171,Cabañas en los Árboles,Zeanuri,Basque Country,Spain,43.0651,-2.7489,,,"unrecognized state value ""Basque Country"""
unknown_state,10965,Glamping De Oever,Oud-Turnhout,Flanders,Belgium,51.2992,4.9704,,,"unrecognized state value ""Flanders"""
unknown_state,11297,Glamping at Longlands,Combe Martin,Devon,United Kingdom,51.1923,-4.0351,,,"unrecognized state value ""Devon"""
unknown_state,11067,Glamping Alcantara,Motta Camastra,Sicily,Italy,37.8784,15.1537,,,"unrecognized state value ""Sicily"""
unknown_state,11100,Glamping De Veluwe,Hoenderloo,Gelderland,Netherlands,52.1285,5.8736,,,"unrecognized state value ""Gelderland"""
unknown_state,11146,Glamping Hills,Mação,Centro,Portugal,39.5556,-7.9986,,,"unrecognized state value ""Centro"""
unknown_state,11097,Glampingspot De Kuilart,Koudum,Friesland,Netherlands,52.9038,5.4394,,,"unrecognized state value ""Friesland"""
unknown_state,11036,Campingplatz am Mahlower See,Blankenfelde-Mahlow,Brandenburg,Germany,52.355,13.406,,,"unrecognized state value ""Brandenburg"""
unknown_state,11121,Glampingspot de Weltevree,Voorthuizen,Gelderland,Netherlands,52.1886,5.6313,,,"unrecognized state value ""Gelderland"""
unknown_state,11085,Camping de Lakens,Bloemendaal,North Holland,Netherlands,52.4074,4.5493,,,"unrecognized state value ""North Holland"""
unknown_state,11017,Ostsee Glamping Resort,Kröpelin,Mecklenburg-Vorpommern,Germany,54.0775,11.8002,,,"unrecognized state value ""Mecklenburg-Vorpommern"""
unknown_state,11029,Schlosspark Bad Saarow,Bad Saarow,Brandenburg,Germany,52.2852,14.0624,,,"unrecognized state value ""Brandenburg"""
unknown_state,10996,Glamping De Bosbeekpoort,Beringen,Flanders,Belgium,51.0507,5.2267,,,"unrecognized state value ""Flanders"""
unknown_state,10999,Glamping Resort Biosphäre Bliesgau,Kleinblittersdorf,Saarland,Germany,49.1494,7.0925,,,"unrecognized state value ""Saarland"""
unknown_state,11172,Glamping Canonici di San Marco,Marbella,Andalusia,Spain,36.5101,-4.8825,,,"unrecognized state value ""Andalusia"""
unknown_state,11062,Torre dello Ziro,Ravello,Campania,Italy,40.6341,14.602,,,"unrecognized state value ""Campania"""
unknown_state,11284,Living Room Treehouses,Machynlleth,Powys,United Kingdom,52.61,-3.851,,,"unrecognized state value ""Powys"""
unknown_state,11178,Finca Fahala Glamping,Alhaurín el Grande,Andalusia,Spain,36.6466,-4.6863,,,"unrecognized state value ""Andalusia"""
unknown_state,11033,Camping & Glamping Allweglehen,Berchtesgaden,Bavaria,Germany,47.6333,13,,,"unrecognized state value ""Bavaria"""
unknown_state,11118,Safari Tent Retreat Veluwe,Epe,Gelderland,Netherlands,52.3474,5.9836,,,"unrecognized state value ""Gelderland"""
unknown_state,11120,Luxe Safari Tent Resort,Zandvoort,North Holland,Netherlands,52.3716,4.5333,,,"unrecognized state value ""North Holland"""
unknown_state,11107,Luxe Safaritenten Zeeland,Renesse,Zeeland,Netherlands,51.7294,3.7725,,,"unrecognized state value ""Zeeland"""
unknown_state,11209,TCS Camping Sempach,Sempach,Lucerne,Switzerland,47.1356,8.1921,,,"unrecognized state value ""Lucerne"""
unknown_state,11042,La Piantata,Arlena di Castro,Lazio,Italy,42.4541,11.8311,,,"unrecognized state value ""Lazio"""
unknown_state,11274,Longlands,Combe Martin,Devon,United Kingdom,51.2011,-4.0519,,,"unrecognized state value ""Devon"""
unknown_state,11260,The Wildings,Cheltenham,Gloucestershire,United Kingdom,51.8968,-1.8538,,,"unrecognized state value ""Gloucestershire"""
unknown_state,11214,TCS Camping Sion,Sion,Valais,Switzerland,46.2214,7.3548,,,"unrecognized state value ""Valais"""
unknown_state,11130,Treelodge Holland,Woerdense Verlaat,Utrecht,Netherlands,52.1594,4.8676,,,"unrecognized state value ""Utrecht"""
unknown_state,11166,Lisboa Camping & Bungalows,Lisbon,Lisbon,Portugal,38.7207,-9.1963,,,"unrecognized state value ""Lisbon"""
unknown_state,10967,Nutchel Cosy Cabins Ardennes,Martelange,Wallonia,Belgium,49.8358,5.7314,,,"unrecognized state value ""Wallonia"""
unknown_state,10970,Les Cabanes de Rensiwez,Houffalize,Wallonia,Belgium,50.1621,5.721,,,"unrecognized state value ""Wallonia"""
unknown_state,10974,Warredal Forest Camp,Neeroeteren,Flanders,Belgium,51.1089,5.7615,,,"unrecognized state value ""Flanders"""
unknown_state,10975,Your Nature Resort,Antoing,Wallonia,Belgium,50.5541,3.4233,,,"unrecognized state value ""Wallonia"""
unknown_state,10976,Glamping Ecochique,Froidchapelle,Wallonia,Belgium,50.1804,4.3831,,,"unrecognized state value ""Wallonia"""
unknown_state,10980,Yurt Glamping Belgium,Ghent,East Flanders,Belgium,51.0543,3.7174,,,"unrecognized state value ""East Flanders"""
unknown_state,10986,Glamping Flandres,Poperinge,Flanders,Belgium,50.8431,2.7297,,,"unrecognized state value ""Flanders"""
unknown_state,10990,Nutchel,Martelange,Wallonia,Belgium,49.7983,5.7355,,,"unrecognized state value ""Wallonia"""
unknown_state,10993,Ecogites,Durbuy,Wallonia,Belgium,50.3546,5.4545,,,"unrecognized state value ""Wallonia"""
unknown_state,10979,Camping Zonneweelde,Retranchement,West Flanders,Belgium,51.3613,3.4411,,,"unrecognized state value ""West Flanders"""
unknown_state,11002,Glamping Resort Zugspitze,Grainau,Bavaria,Germany,47.4776,11.0215,,,"unrecognized state value ""Bavaria"""
unknown_state,11013,Campingpark Bad Liebenzell,Bad Liebenzell,Baden-Württemberg,Germany,48.7719,8.7353,,,"unrecognized state value ""Baden-Württemberg"""
unknown_state,11037,Ferienpark Rübezahl,Berlin,Berlin,Germany,52.435,13.618,,,"unrecognized state value ""Berlin"""
unknown_state,11043,Glamping Il Sole,Civitella Paganico,Tuscany,Italy,42.9553,11.2863,,,"unrecognized state value ""Tuscany"""
unknown_state,10997,Camping Houtum,Kasterlee,Antwerp,Belgium,51.2418,4.9706,,,"unrecognized state value ""Antwerp"""
unknown_state,11005,Camping Resort Zugspitze,Grainau,Bavaria,Germany,47.4761,11.0269,,,"unrecognized state value ""Bavaria"""
unknown_state,11018,Glamping Village Wulfener Hals,Fehmarn,Schleswig-Holstein,Germany,54.4174,11.1536,,,"unrecognized state value ""Schleswig-Holstein"""
unknown_state,11048,Glamping Canonica,San Gimignano,Tuscany,Italy,43.4708,11.0438,,,"unrecognized state value ""Tuscany"""
unknown_state,11056,Agricampeggio Villaggio di Vercana,Vercana,Lombardy,Italy,46.157,9.2951,,,"unrecognized state value ""Lombardy"""
unknown_state,10998,Glamping Bivouac,Sint-Martens-Latem,East Flanders,Belgium,51.0175,3.635,,,"unrecognized state value ""East Flanders"""
unknown_state,11006,Bavarian Forest Glamping,Grafenau,Bavaria,Germany,48.85,13.3833,,,"unrecognized state value ""Bavaria"""
unknown_state,11012,Campotel Bad Rothenfelde,Bad Rothenfelde,Lower Saxony,Germany,52.1136,8.1678,,,"unrecognized state value ""Lower Saxony"""
unknown_state,11031,Campingpark Havelberge,Groß Quassow,Mecklenburg-Vorpommern,Germany,53.2927,12.9318,,,"unrecognized state value ""Mecklenburg-Vorpommern"""
unknown_state,11035,Scube Park Berlin,Berlin,Berlin,Germany,52.4835,13.3981,,,"unrecognized state value ""Berlin"""
unknown_state,11041,Canonici di San Marco,Mirano,Veneto,Italy,45.4688,12.1375,,,"unrecognized state value ""Veneto"""
unknown_state,11057,Camping Sass Dlacia,San Cassiano,Trentino-Alto Adige,Italy,46.5486,11.9922,,,"unrecognized state value ""Trentino-Alto Adige"""
unknown_state,11064,Sardinia Yurt Retreat,Olbia,Sardinia,Italy,40.923,9.498,,,"unrecognized state value ""Sardinia"""
unknown_state,11081,Canonica di Corteranzo,Murisengo,Piedmont,Italy,45.0725,8.1489,,,"unrecognized state value ""Piedmont"""
unknown_state,11086,Strandcamping Groede,Groede,Zeeland,Netherlands,51.3928,3.5212,,,"unrecognized state value ""Zeeland"""
unknown_state,11051,Torre del Lago,Scarlino,Tuscany,Italy,42.8896,10.8259,,,"unrecognized state value ""Tuscany"""
unknown_state,11055,Lake Como Beach Resort & Villas,Pognana Lario,Lombardy,Italy,45.8833,9.1333,,,"unrecognized state value ""Lombardy"""
unknown_state,11068,Agricampeggio Alessandra,Cefalù,Sicily,Italy,38.0386,14.0229,,,"unrecognized state value ""Sicily"""
unknown_state,11087,Glampingspot,Oisterwijk,North Brabant,Netherlands,51.58,5.199,,,"unrecognized state value ""North Brabant"""
unknown_state,11091,EuroParcs Het Amsterdamse Bos,Amstelveen,North Holland,Netherlands,52.3103,4.8497,,,"unrecognized state value ""North Holland"""
unknown_state,11080,Tenuta delle Ripalte,Capoliveri,Tuscany,Italy,42.7427,10.4049,,,"unrecognized state value ""Tuscany"""
unknown_state,11084,Camping Geversduin,Castricum,North Holland,Netherlands,52.5585,4.6409,,,"unrecognized state value ""North Holland"""
unknown_state,11092,Camping Zeeburg Amsterdam,Amsterdam,North Holland,Netherlands,52.3647,4.9627,,,"unrecognized state value ""North Holland"""
unknown_state,11101,Camping Betuwe,Kesteren,Gelderland,Netherlands,51.9408,5.5709,,,"unrecognized state value ""Gelderland"""
unknown_state,11110,Glamping Limburg,Meerssen,Limburg,Netherlands,50.9306,5.7708,,,"unrecognized state value ""Limburg"""
unknown_state,11093,Camping De Zeeuwse Kust,Renesse,Zeeland,Netherlands,51.7341,3.7823,,,"unrecognized state value ""Zeeland"""
unknown_state,11096,Camping Zonneweelde,Nieuwvliet,Zeeland,Netherlands,51.3785,3.4745,,,"unrecognized state value ""Zeeland"""
unknown_state,11105,Droompark Buitenhuizen,Velsen-Zuid,North Holland,Netherlands,52.4392,4.6589,,,"unrecognized state value ""North Holland"""
unknown_state,11112,Glamping De Wije Werelt,Otterlo,Gelderland,Netherlands,52.0976,5.7648,,,"unrecognized state value ""Gelderland"""
unknown_state,11116,Nature Lodge,Winterswijk,Gelderland,Netherlands,51.9723,6.7156,,,"unrecognized state value ""Gelderland"""
unknown_state,11114,Het Kleine Paradijs,Easterein,Friesland,Netherlands,53.0741,5.5632,,,"unrecognized state value ""Friesland"""
unknown_state,11119,Nature Glamping Friesland,Bakkeveen,Friesland,Netherlands,53.0812,6.2765,,,"unrecognized state value ""Friesland"""
unknown_state,11132,Het Verborgen Verblijf,Ouddorp,South Holland,Netherlands,51.8125,3.937,,,"unrecognized state value ""South Holland"""
unknown_state,11135,Camping Ganspoort,Utrecht,Utrecht,Netherlands,52.0802,5.1224,,,"unrecognized state value ""Utrecht"""
unknown_state,11138,Cocoon Eco Design Lodges,Odemira,Alentejo,Portugal,37.7544,-8.6838,,,"unrecognized state value ""Alentejo"""
unknown_state,11186,Soul Glamping,Santa Gertrudis de Fruitera,Balearic Islands,Spain,39.0381,1.4457,,,"unrecognized state value ""Balearic Islands"""
unknown_state,11124,Safari Resort Beekse Bergen,Hilvarenbeek,North Brabant,Netherlands,51.5185,5.1451,,,"unrecognized state value ""North Brabant"""
unknown_state,11131,Glamping de Parel,Zeewolde,Flevoland,Netherlands,52.3476,5.5379,,,"unrecognized state value ""Flevoland"""
unknown_state,11134,De Lievelinge,Vuren,Gelderland,Netherlands,51.8323,5.0295,,,"unrecognized state value ""Gelderland"""
unknown_state,11163,Nature Family Glamping,Ferreira do Zêzere,Centro,Portugal,39.6942,-8.2843,,,"unrecognized state value ""Centro"""
unknown_state,11181,Glamping Hub Andalusia,Seville,Andalusia,Spain,37.3886,-5.9823,,,"unrecognized state value ""Andalusia"""
unknown_state,11126,Camping de Hertshoorn,Garderen,Gelderland,Netherlands,52.2333,5.7333,,,"unrecognized state value ""Gelderland"""
unknown_state,11129,Het Bos Roept,Bakkeveen,Friesland,Netherlands,53.0906,6.2467,,,"unrecognized state value ""Friesland"""
unknown_state,11133,Glamping De Zeeuwse Kust,Renesse,Zeeland,Netherlands,51.7322,3.7728,,,"unrecognized state value ""Zeeland"""
unknown_state,11136,Bukubaki Eco Surf Resort,Peniche,Leiria,Portugal,39.3557,-9.3395,,,"unrecognized state value ""Leiria"""
unknown_state,11139,Nomad Planet,Montalegre,Vila Real,Portugal,41.8253,-7.785,,,"unrecognized state value ""Vila Real"""
unknown_state,11142,Aterra,São Teotónio,Alentejo,Portugal,37.5168,-8.75,,,"unrecognized state value ""Alentejo"""
unknown_state,11156,Nature Glamping,Funchal,Madeira,Portugal,32.6497,-16.908,,,"unrecognized state value ""Madeira"""
unknown_state,11179,Cabañas Jimera de Líbar,Jimera de Líbar,Andalusia,Spain,36.6333,-5.2833,,,"unrecognized state value ""Andalusia"""
unknown_state,11189,Eco Dome Experience,San Miguel de Abona,Canary Islands,Spain,28.0997,-16.6195,,,"unrecognized state value ""Canary Islands"""
unknown_state,11192,Forest Days,Lladurs,Catalonia,Spain,42.0031,1.5203,,,"unrecognized state value ""Catalonia"""
unknown_state,11218,TCS Camping Genève-Vésenaz,Vésenaz,Geneva,Switzerland,46.2378,6.1949,,,"unrecognized state value ""Geneva"""
unknown_state,11152,Pedras Salgadas Spa & Nature Park,Vila Pouca de Aguiar,Douro,Portugal,41.5245,-7.6215,,,"unrecognized state value ""Douro"""
unknown_state,11155,Madeira Glamping,Ponta do Sol,Madeira,Portugal,32.6836,-17.101,,,"unrecognized state value ""Madeira"""
unknown_state,11158,Furnas Lake Villas,Furnas,Azores,Portugal,37.7658,-25.3144,,,"unrecognized state value ""Azores"""
unknown_state,11165,Aterra Eco Camping,Odemira,Alentejo,Portugal,37.7328,-8.6791,,,"unrecognized state value ""Alentejo"""
unknown_state,11191,Tenerife Glamping,Santa Cruz de Tenerife,Canary Islands,Spain,28.4636,-16.2518,,,"unrecognized state value ""Canary Islands"""
unknown_state,11190,Finca de Arrieta,Haría,Canary Islands,Spain,29.1485,-13.4522,,,"unrecognized state value ""Canary Islands"""
unknown_state,11235,Sleep in the Pod,Flims,Graubünden,Switzerland,46.8339,9.2841,,,"unrecognized state value ""Graubünden"""
unknown_state,11254,"Another Place, The Lake",Ullswater,Cumbria,United Kingdom,54.598,-2.853,,,"unrecognized state value ""Cumbria"""
unknown_state,11273,Little Seed Field,Ripon,North Yorkshire,United Kingdom,54.1667,-1.7411,,,"unrecognized state value ""North Yorkshire"""
unknown_state,11298,The Secret Campsite,Lewes,East Sussex,United Kingdom,50.9245,-0.0089,,,"unrecognized state value ""East Sussex"""
missing_coords,11433,Roamstead Smoky Mountains,Cosby,TN,USA,,,TN,US,lat or lon missing
unknown_state,11201,Lanzarote Retreats,Arrieta,Canary Islands,Spain,29.1367,-13.4489,,,"unrecognized state value ""Canary Islands"""
unknown_state,11226,Camping Jungfrau Holiday Park,Lauterbrunnen,Bern,Switzerland,46.5935,7.9083,,,"unrecognized state value ""Bern"""
unknown_state,11232,Glamping Resort Biosfera Val Müstair,Tschierv,Graubünden,Switzerland,46.6299,10.3364,,,"unrecognized state value ""Graubünden"""
unknown_state,11237,Aventura Glamping,Avegno,Ticino,Switzerland,46.2022,8.7407,,,"unrecognized state value ""Ticino"""
unknown_state,11269,Graig Wen,Dolgellau,Gwynedd,United Kingdom,52.7078,-3.9467,,,"unrecognized state value ""Gwynedd"""
unknown_state,11240,The Yurt Retreat,Crewkerne,Somerset,United Kingdom,50.8784,-2.8045,,,"unrecognized state value ""Somerset"""
unknown_state,11246,Loch Tay Highland Lodges,Killin,Perthshire,United Kingdom,56.5225,-4.2767,,,"unrecognized state value ""Perthshire"""
unknown_state,11252,The Quiet Site,Penrith,Cumbria,United Kingdom,54.5973,-2.8645,,,"unrecognized state value ""Cumbria"""
unknown_state,11259,Cotswold Farm Park,Cheltenham,Gloucestershire,United Kingdom,51.9291,-1.8665,,,"unrecognized state value ""Gloucestershire"""
unknown_state,11263,Harvest Moon Holidays,Dunbar,East Lothian,United Kingdom,56.0044,-2.609,,,"unrecognized state value ""East Lothian"""
unknown_state,11281,Norfolk Coast B&B Cottages & Camping,Heacham,Norfolk,United Kingdom,52.9115,0.4883,,,"unrecognized state value ""Norfolk"""