Keyword,Category,Content Type,Search Intent,Notes
glamping feasibility study,Feasibility & Appraisal,Landing Page,Commercial B2B,High commercial intent - core service
RV resort feasibility study,Feasibility & Appraisal,Landing Page,Commercial B2B,High commercial intent - core service
campground appraisal,Feasibility & Appraisal,Landing Page,Commercial B2B,Property valuation service
glamping resort appraisal,Feasibility & Appraisal,Landing Page,Commercial B2B,Property valuation service
how to start a glamping business,Glamping,Guide,Commercial,Step-by-step guide opportunity
glamping resort ADR,Financial,Glossary Term,Informational,Financial metric definition
what is glamping,Glamping,Glossary Term,Informational,Basic definition query
what is a feasibility study,Feasibility & Appraisal,Glossary Term,Informational,Core term definition
RV park revenue per available site,Financial,Glossary Term,Informational,Industry-specific metric
outdoor hospitality market analysis,Feasibility & Appraisal,Landing Page,Commercial B2B,Service offering
how to finance a glamping resort,Financial,Guide,Commercial,Guide content opportunity
glamping resort occupancy rate,Financial,Glossary Term,Informational,Performance metric
what is a yurt,Glamping,Glossary Term,Informational,Accommodation type definition
RV park cap rate,Financial,Glossary Term,Informational,Investment metric
glamping resort NOI,Financial,Glossary Term,Informational,Financial performance metric
safari tent glamping,Glamping,Glossary Term,Informational,Accommodation type
treehouse glamping,Glamping,Glossary Term,Informational,Accommodation type
how much does a glamping feasibility study cost,Feasibility & Appraisal,Landing Page,Commercial B2B,Price-related query
RV resort development guide,RV & Campground,Guide,Commercial,Comprehensive guide
campground feasibility study,Feasibility & Appraisal,Landing Page,Commercial B2B,Service offering
what is a tiny house,Glamping,Glossary Term,Informational,Accommodation definition
glamping resort ROI,Financial,Glossary Term,Informational,Investment return metric
outdoor hospitality industry trends,Industry,Guide,Informational,Industry analysis content
RV park operating expenses,Financial,Glossary Term,Informational,Financial metric
how to value a glamping property,Real Estate,Guide,Commercial,Appraisal-related guide
what is glamping resort,Glamping,Glossary Term,Informational,Business type definition
airstream glamping,Glamping,Glossary Term,Informational,Accommodation type
campground ADR by state,Financial,Guide,Informational,Location-specific data
glamping business plan template,Glamping,Guide,Commercial,Resource/template content
RV resort market analysis,Feasibility & Appraisal,Landing Page,Commercial B2B,Service offering
what is a bell tent,Glamping,Glossary Term,Informational,Accommodation type
canvas tent glamping,Glamping,Glossary Term,Informational,Accommodation type
tipi glamping,Glamping,Glossary Term,Informational,Accommodation type
glamping resort DCF analysis,Financial,Glossary Term,Informational,Valuation method
RV park RevPAR,Financial,Glossary Term,Informational,Revenue metric
how to get glamping financing,Financial,Guide,Commercial,Financing guide
outdoor hospitality appraisal services,Feasibility & Appraisal,Landing Page,Commercial B2B,Service offering
what is an a-frame cabin,Glamping,Glossary Term,Informational,Accommodation type
glamping resort seasonality,Financial,Glossary Term,Informational,Business pattern
campground competitive analysis,Feasibility & Appraisal,Landing Page,Commercial B2B,Service offering
RV resort IRR calculation,Financial,Glossary Term,Informational,Investment metric
dome glamping,Glamping,Glossary Term,Informational,Accommodation type
how to build a glamping resort,Glamping,Guide,Commercial,Construction/development guide
glamping feasibility study cost,Feasibility & Appraisal,Landing Page,Commercial B2B,Price query
what is full hookup,RV & Campground,Glossary Term,Informational,Facility term
covered wagon glamping,Glamping,Glossary Term,Informational,Accommodation type
RV park cash on cash return,Financial,Glossary Term,Informational,Investment metric
outdoor hospitality market size,Industry,Guide,Informational,Industry statistics
mirror cabin glamping,Glamping,Glossary Term,Informational,Accommodation type
glamping resort revenue projections,Feasibility & Appraisal,Glossary Term,Informational,Financial forecasting
vintage trailer glamping,Glamping,Glossary Term,Informational,Accommodation type
how to buy an RV park,RV & Campground,Guide,Commercial,Acquisition guide
campground DSCR requirements,Financial,Guide,Commercial,Financing guide
what is a glamping pod,Glamping,Glossary Term,Informational,Accommodation type
RV resort comparable sales,Feasibility & Appraisal,Glossary Term,Informational,Valuation method
glamping resort pro forma,Financial,Glossary Term,Informational,Financial projection
outdoor hospitality consulting services,Industry,Landing Page,Commercial B2B,Service offering
RV park income approach valuation,Feasibility & Appraisal,Glossary Term,Informational,Valuation method
how to start an RV resort,RV & Campground,Guide,Commercial,Startup guide
glamping site selection guide,Real Estate,Guide,Commercial,Location analysis
what is a pull through site,RV & Campground,Glossary Term,Informational,Facility term
campground cost approach valuation,Feasibility & Appraisal,Glossary Term,Informational,Valuation method
RV resort EBITDA,Financial,Glossary Term,Informational,Financial metric
glamping resort market research,Feasibility & Appraisal,Landing Page,Commercial B2B,Service offering
how to appraise a glamping property,Real Estate,Guide,Commercial,Appraisal process guide
what is 50 amp service,RV & Campground,Glossary Term,Informational,Electrical term
outdoor hospitality property management,Industry,Guide,Commercial,Operations guide
RV park acquisition guide,Real Estate,Guide,Commercial,Investment guide
glamping resort zoning requirements,Real Estate,Guide,Commercial,Regulatory guide
what is shore power,RV & Campground,Glossary Term,Informational,Electrical term
campground feasibility analysis,Feasibility & Appraisal,Landing Page,Commercial B2B,Service offering
RV resort development costs,Financial,Guide,Commercial,Cost analysis
glamping business model,Glamping,Guide,Commercial,Business strategy guide
what is a dump station,RV & Campground,Glossary Term,Informational,Facility term
outdoor hospitality investment returns,Financial,Guide,Informational,Investment analysis
RV park market trends 2024,Industry,Guide,Informational,Industry trends
glamping resort permitting guide,Real Estate,Guide,Commercial,Regulatory guide
how to increase RV park revenue,Financial,Guide,Commercial,Revenue optimization
what is primitive camping,General,Glossary Term,Informational,Camping type
campground site design,Real Estate,Guide,Commercial,Design guide
RV resort amenities ROI,Financial,Guide,Commercial,Investment analysis
glamping resort insurance requirements,Real Estate,Guide,Commercial,Risk management
outdoor hospitality tax implications,Financial,Guide,Informational,Tax guide
what is a back in site,RV & Campground,Glossary Term,Informational,Facility term
RV park construction costs,Financial,Guide,Commercial,Cost breakdown
glamping resort sustainability practices,General,Guide,Informational,Environmental guide
campground expansion feasibility,Feasibility & Appraisal,Landing Page,Commercial B2B,Service offering
how to sell a glamping resort,Real Estate,Guide,Commercial,Exit strategy guide
RV resort property taxes,Financial,Guide,Informational,Tax guide
what is 30 amp service,RV & Campground,Glossary Term,Informational,Electrical term
outdoor hospitality legal requirements,Real Estate,Guide,Commercial,Legal guide
glamping resort partnerships,Industry,Guide,Commercial,Business development
RV park franchise opportunities,Industry,Guide,Commercial,Business model guide
campground water hookup requirements,Real Estate,Guide,Commercial,Infrastructure guide
how to value a campground,Real Estate,Guide,Commercial,Appraisal guide
RV resort septic system requirements,Real Estate,Guide,Commercial,Infrastructure guide
glamping resort marketing strategies,Industry,Guide,Commercial,Marketing guide
outdoor hospitality workforce management,Industry,Guide,Commercial,Operations guide
what is an RV pad,RV & Campground,Glossary Term,Informational,Facility term
RV park utility costs,Financial,Guide,Commercial,Operating expenses
glamping resort booking software,Industry,Guide,Commercial,Technology guide
campground market saturation analysis,Feasibility & Appraisal,Landing Page,Commercial B2B,Service offering
how to lease glamping land,Real Estate,Guide,Commercial,Leasing guide
RV resort exit cap rate,Financial,Glossary Term,Informational,Valuation metric
outdoor hospitality environmental impact,General,Guide,Informational,Sustainability guide
glamping resort minimum viable product,Glamping,Guide,Commercial,Development strategy
RV park due diligence checklist,Real Estate,Guide,Commercial,Acquisition guide
